game_id,game1_has_six,game2_has_double_six,game1_cum_win_rate,game2_cum_win_rate
1,1,1,1.0,1.0
2,0,0,0.5,0.5
3,0,0,0.3333333333333333,0.3333333333333333
4,1,1,0.5,0.5
5,1,0,0.6,0.4
6,1,1,0.6666666666666666,0.5
7,0,1,0.5714285714285714,0.5714285714285714
8,0,0,0.5,0.5
9,0,0,0.4444444444444444,0.4444444444444444
10,0,0,0.4,0.4
11,1,1,0.45454545454545453,0.45454545454545453
12,0,0,0.4166666666666667,0.4166666666666667
13,1,1,0.46153846153846156,0.46153846153846156
14,0,0,0.42857142857142855,0.42857142857142855
15,0,0,0.4,0.4
16,1,1,0.4375,0.4375
17,1,0,0.47058823529411764,0.4117647058823529
18,1,1,0.5,0.4444444444444444
19,0,1,0.47368421052631576,0.47368421052631576
20,1,1,0.5,0.5
21,0,1,0.47619047619047616,0.5238095238095238
22,0,1,0.45454545454545453,0.5454545454545454
23,0,1,0.43478260869565216,0.5652173913043478
24,0,1,0.4166666666666667,0.5833333333333334
25,1,1,0.44,0.6
26,0,0,0.4230769230769231,0.5769230769230769
27,0,1,0.4074074074074074,0.5925925925925926
28,1,1,0.42857142857142855,0.6071428571428571
29,1,0,0.4482758620689655,0.5862068965517241
30,0,0,0.43333333333333335,0.5666666666666667
31,1,0,0.45161290322580644,0.5483870967741935
32,0,1,0.4375,0.5625
33,1,0,0.45454545454545453,0.5454545454545454
34,0,0,0.4411764705882353,0.5294117647058824
35,0,1,0.42857142857142855,0.5428571428571428
36,0,0,0.4166666666666667,0.5277777777777778
37,1,0,0.43243243243243246,0.5135135135135135
38,1,0,0.4473684210526316,0.5
39,1,0,0.46153846153846156,0.48717948717948717
40,0,1,0.45,0.5
41,1,1,0.4634146341463415,0.5121951219512195
42,0,1,0.4523809523809524,0.5238095238095238
43,1,0,0.46511627906976744,0.5116279069767442
44,1,1,0.4772727272727273,0.5227272727272727
45,1,1,0.4888888888888889,0.5333333333333333
46,1,1,0.5,0.5434782608695652
47,1,1,0.5106382978723404,0.5531914893617021
48,0,0,0.5,0.5416666666666666
49,1,1,0.5102040816326531,0.5510204081632653
50,1,1,0.52,0.56
51,0,1,0.5098039215686274,0.5686274509803921
52,0,1,0.5,0.5769230769230769
53,0,1,0.49056603773584906,0.5849056603773585
54,1,0,0.5,0.5740740740740741
55,1,0,0.509090909090909,0.5636363636363636
56,0,0,0.5,0.5535714285714286
57,0,1,0.49122807017543857,0.5614035087719298
58,0,0,0.4827586206896552,0.5517241379310345
59,1,1,0.4915254237288136,0.559322033898305
60,1,0,0.5,0.55
61,1,1,0.5081967213114754,0.5573770491803278
62,0,0,0.5,0.5483870967741935
63,1,1,0.5079365079365079,0.5555555555555556
64,0,1,0.5,0.5625
65,0,1,0.49230769230769234,0.5692307692307692
66,1,1,0.5,0.5757575757575758
67,1,1,0.5074626865671642,0.582089552238806
68,0,0,0.5,0.5735294117647058
69,1,0,0.5072463768115942,0.5652173913043478
70,1,1,0.5142857142857142,0.5714285714285714
71,0,1,0.5070422535211268,0.5774647887323944
72,0,0,0.5,0.5694444444444444
73,1,1,0.5068493150684932,0.5753424657534246
74,0,1,0.5,0.581081081081081
75,0,0,0.49333333333333335,0.5733333333333334
76,1,0,0.5,0.5657894736842105
77,0,1,0.4935064935064935,0.5714285714285714
78,0,1,0.48717948717948717,0.5769230769230769
79,0,0,0.4810126582278481,0.569620253164557
80,0,0,0.475,0.5625
81,1,0,0.48148148148148145,0.5555555555555556
82,0,1,0.47560975609756095,0.5609756097560976
83,0,1,0.46987951807228917,0.5662650602409639
84,1,1,0.47619047619047616,0.5714285714285714
85,0,1,0.47058823529411764,0.5764705882352941
86,0,0,0.46511627906976744,0.5697674418604651
87,1,1,0.47126436781609193,0.5747126436781609
88,1,1,0.4772727272727273,0.5795454545454546
89,1,1,0.48314606741573035,0.5842696629213483
90,1,1,0.4888888888888889,0.5888888888888889
91,0,0,0.4835164835164835,0.5824175824175825
92,1,1,0.4891304347826087,0.5869565217391305
93,0,1,0.4838709677419355,0.5913978494623656
94,0,1,0.4787234042553192,0.5957446808510638
95,0,0,0.47368421052631576,0.5894736842105263
96,1,0,0.4791666666666667,0.5833333333333334
97,0,0,0.4742268041237113,0.5773195876288659
98,0,1,0.46938775510204084,0.5816326530612245
99,1,0,0.47474747474747475,0.5757575757575758
100,1,1,0.48,0.58
101,1,0,0.48514851485148514,0.5742574257425742
102,1,1,0.49019607843137253,0.5784313725490197
103,0,1,0.4854368932038835,0.5825242718446602
104,0,1,0.4807692307692308,0.5865384615384616
105,1,0,0.4857142857142857,0.580952380952381
106,0,1,0.4811320754716981,0.5849056603773585
107,0,1,0.4766355140186916,0.5887850467289719
108,0,0,0.4722222222222222,0.5833333333333334
109,1,1,0.47706422018348627,0.5871559633027523
110,0,0,0.4727272727272727,0.5818181818181818
111,0,0,0.46846846846846846,0.5765765765765766
112,1,0,0.4732142857142857,0.5714285714285714
113,1,1,0.4778761061946903,0.5752212389380531
114,1,1,0.4824561403508772,0.5789473684210527
115,1,0,0.48695652173913045,0.5739130434782609
116,0,0,0.4827586206896552,0.5689655172413793
117,1,0,0.48717948717948717,0.5641025641025641
118,0,0,0.4830508474576271,0.559322033898305
119,0,1,0.4789915966386555,0.5630252100840336
120,0,0,0.475,0.5583333333333333
121,1,0,0.4793388429752066,0.5537190082644629
122,1,1,0.48360655737704916,0.5573770491803278
123,0,1,0.4796747967479675,0.5609756097560976
124,0,0,0.47580645161290325,0.5564516129032258
125,1,0,0.48,0.552
126,1,0,0.48412698412698413,0.5476190476190477
127,1,0,0.4881889763779528,0.5433070866141733
128,1,1,0.4921875,0.546875
129,1,1,0.49612403100775193,0.5503875968992248
130,1,0,0.5,0.5461538461538461
131,1,0,0.5038167938931297,0.5419847328244275
132,0,1,0.5,0.5454545454545454
133,0,1,0.49624060150375937,0.5488721804511278
134,0,1,0.4925373134328358,0.5522388059701493
135,1,1,0.4962962962962963,0.5555555555555556
136,1,0,0.5,0.5514705882352942
137,1,0,0.5036496350364964,0.5474452554744526
138,0,1,0.5,0.5507246376811594
139,0,0,0.49640287769784175,0.5467625899280576
140,1,1,0.5,0.55
141,1,1,0.5035460992907801,0.5531914893617021
142,0,0,0.5,0.5492957746478874
143,1,1,0.5034965034965035,0.5524475524475524
144,1,0,0.5069444444444444,0.5486111111111112
145,0,1,0.503448275862069,0.5517241379310345
146,0,0,0.5,0.547945205479452
147,1,0,0.5034013605442177,0.54421768707483
148,0,0,0.5,0.5405405405405406
149,0,1,0.4966442953020134,0.5436241610738255
150,0,0,0.49333333333333335,0.54
151,1,0,0.4966887417218543,0.5364238410596026
152,1,0,0.5,0.5328947368421053
153,0,1,0.49673202614379086,0.5359477124183006
154,0,0,0.4935064935064935,0.5324675324675324
155,1,1,0.4967741935483871,0.535483870967742
156,1,0,0.5,0.532051282051282
157,1,1,0.5031847133757962,0.535031847133758
158,1,1,0.5063291139240507,0.5379746835443038
159,0,1,0.5031446540880503,0.5408805031446541
160,0,1,0.5,0.54375
161,1,0,0.5031055900621118,0.5403726708074534
162,1,0,0.5061728395061729,0.5370370370370371
163,0,1,0.5030674846625767,0.5398773006134969
164,0,1,0.5,0.5426829268292683
165,1,0,0.503030303030303,0.5393939393939394
166,1,0,0.5060240963855421,0.536144578313253
167,0,1,0.5029940119760479,0.5389221556886228
168,0,1,0.5,0.5416666666666666
169,1,0,0.5029585798816568,0.5384615384615384
170,1,1,0.5058823529411764,0.5411764705882353
171,1,1,0.5087719298245614,0.543859649122807
172,0,0,0.5058139534883721,0.5406976744186046
173,0,1,0.5028901734104047,0.5433526011560693
174,0,0,0.5,0.5402298850574713
175,0,0,0.49714285714285716,0.5371428571428571
176,0,1,0.4943181818181818,0.5397727272727273
177,0,0,0.4915254237288136,0.536723163841808
178,0,1,0.4887640449438202,0.5393258426966292
179,0,1,0.4860335195530726,0.5418994413407822
180,0,1,0.48333333333333334,0.5444444444444444
181,0,0,0.48066298342541436,0.5414364640883977
182,1,1,0.4835164835164835,0.5439560439560439
183,1,1,0.48633879781420764,0.546448087431694
184,1,0,0.4891304347826087,0.5434782608695652
185,1,1,0.4918918918918919,0.5459459459459459
186,1,0,0.4946236559139785,0.543010752688172
187,1,1,0.49732620320855614,0.5454545454545454
188,1,1,0.5,0.5478723404255319
189,1,0,0.5026455026455027,0.544973544973545
190,1,0,0.5052631578947369,0.5421052631578948
191,0,1,0.5026178010471204,0.5445026178010471
192,1,0,0.5052083333333334,0.5416666666666666
193,0,1,0.5025906735751295,0.5440414507772021
194,1,1,0.5051546391752577,0.5463917525773195
195,0,0,0.5025641025641026,0.5435897435897435
196,0,0,0.5,0.5408163265306123
197,1,0,0.5025380710659898,0.5380710659898477
198,0,1,0.5,0.5404040404040404
199,0,0,0.49748743718592964,0.5376884422110553
200,0,1,0.495,0.54
201,1,1,0.4975124378109453,0.5422885572139303
202,1,0,0.5,0.5396039603960396
203,0,0,0.4975369458128079,0.5369458128078818
204,0,1,0.4950980392156863,0.5392156862745098
205,0,1,0.4926829268292683,0.5414634146341464
206,1,0,0.49514563106796117,0.5388349514563107
207,1,1,0.4975845410628019,0.5410628019323671
208,0,1,0.4951923076923077,0.5432692307692307
209,1,1,0.49760765550239233,0.5454545454545454
210,1,0,0.5,0.5428571428571428
211,0,0,0.4976303317535545,0.5402843601895735
212,0,1,0.49528301886792453,0.5424528301886793
213,1,1,0.49765258215962443,0.5446009389671361
214,0,1,0.4953271028037383,0.5467289719626168
215,1,1,0.49767441860465117,0.5488372093023256
216,0,1,0.49537037037037035,0.5509259259259259
217,1,0,0.4976958525345622,0.5483870967741935
218,0,0,0.4954128440366973,0.5458715596330275
219,1,1,0.4977168949771689,0.547945205479452
220,0,1,0.4954545454545455,0.55
221,0,0,0.49321266968325794,0.5475113122171946
222,0,0,0.49099099099099097,0.545045045045045
223,1,1,0.49327354260089684,0.547085201793722
224,0,0,0.49107142857142855,0.5446428571428571
225,1,0,0.49333333333333335,0.5422222222222223
226,1,0,0.49557522123893805,0.5398230088495575
227,1,0,0.4977973568281938,0.5374449339207048
228,0,1,0.4956140350877193,0.5394736842105263
229,1,0,0.4978165938864629,0.537117903930131
230,1,0,0.5,0.5347826086956522
231,1,1,0.5021645021645021,0.5367965367965368
232,1,1,0.5043103448275862,0.5387931034482759
233,1,1,0.5064377682403434,0.5407725321888412
234,0,0,0.5042735042735043,0.5384615384615384
235,0,0,0.502127659574468,0.5361702127659574
236,1,1,0.5042372881355932,0.538135593220339
237,1,1,0.5063291139240507,0.540084388185654
238,1,0,0.5084033613445378,0.5378151260504201
239,1,1,0.5104602510460251,0.5397489539748954
240,1,1,0.5125,0.5416666666666666
241,0,0,0.5103734439834025,0.5394190871369294
242,1,1,0.512396694214876,0.5413223140495868
243,1,1,0.51440329218107,0.5432098765432098
244,1,1,0.5163934426229508,0.5450819672131147
245,1,1,0.5183673469387755,0.5469387755102041
246,0,0,0.516260162601626,0.5447154471544715
247,1,0,0.5182186234817814,0.5425101214574899
248,1,0,0.5201612903225806,0.5403225806451613
249,0,1,0.5180722891566265,0.5421686746987951
250,0,0,0.516,0.54
251,1,1,0.5179282868525896,0.5418326693227091
252,1,0,0.5198412698412699,0.5396825396825397
253,0,1,0.5177865612648221,0.541501976284585
254,0,1,0.515748031496063,0.5433070866141733
255,0,1,0.5137254901960784,0.5450980392156862
256,0,0,0.51171875,0.54296875
257,1,0,0.5136186770428015,0.5408560311284046
258,1,0,0.5155038759689923,0.5387596899224806
259,0,0,0.5135135135135135,0.5366795366795367
260,1,1,0.5153846153846153,0.5384615384615384
261,1,1,0.5172413793103449,0.5402298850574713
262,1,1,0.5190839694656488,0.5419847328244275
263,1,1,0.5209125475285171,0.5437262357414449
264,1,1,0.5227272727272727,0.5454545454545454
265,1,1,0.5245283018867924,0.5471698113207547
266,1,0,0.5263157894736842,0.5451127819548872
267,1,0,0.5280898876404494,0.5430711610486891
268,0,1,0.5261194029850746,0.5447761194029851
269,0,1,0.5241635687732342,0.5464684014869888
270,0,0,0.5222222222222223,0.5444444444444444
271,1,1,0.5239852398523985,0.5461254612546126
272,0,0,0.5220588235294118,0.5441176470588235
273,1,0,0.5238095238095238,0.5421245421245421
274,0,0,0.5218978102189781,0.5401459854014599
275,1,1,0.5236363636363637,0.5418181818181819
276,1,1,0.5253623188405797,0.5434782608695652
277,1,1,0.5270758122743683,0.5451263537906137
278,1,1,0.5287769784172662,0.5467625899280576
279,0,0,0.5268817204301075,0.5448028673835126
280,1,1,0.5285714285714286,0.5464285714285714
281,1,0,0.5302491103202847,0.5444839857651246
282,0,1,0.5283687943262412,0.5460992907801419
283,0,0,0.5265017667844523,0.5441696113074205
284,1,1,0.528169014084507,0.545774647887324
285,1,0,0.5298245614035088,0.543859649122807
286,1,1,0.5314685314685315,0.5454545454545454
287,0,1,0.5296167247386759,0.5470383275261324
288,0,0,0.5277777777777778,0.5451388888888888
289,0,0,0.5259515570934256,0.5432525951557093
290,1,0,0.5275862068965518,0.5413793103448276
291,0,0,0.5257731958762887,0.5395189003436426
292,1,0,0.5273972602739726,0.5376712328767124
293,0,1,0.5255972696245734,0.5392491467576792
294,1,0,0.5272108843537415,0.5374149659863946
295,0,1,0.5254237288135594,0.5389830508474577
296,1,0,0.527027027027027,0.5371621621621622
297,1,0,0.5286195286195287,0.5353535353535354
298,1,1,0.5302013422818792,0.5369127516778524
299,0,0,0.5284280936454849,0.5351170568561873
300,1,1,0.53,0.5366666666666666
301,0,1,0.5282392026578073,0.5382059800664452
302,1,1,0.5298013245033113,0.5397350993377483
303,0,0,0.528052805280528,0.5379537953795379
304,1,1,0.5296052631578947,0.5394736842105263
305,0,1,0.5278688524590164,0.5409836065573771
306,1,1,0.5294117647058824,0.5424836601307189
307,0,0,0.5276872964169381,0.5407166123778502
308,1,1,0.5292207792207793,0.5422077922077922
309,0,1,0.5275080906148867,0.5436893203883495
310,0,0,0.5258064516129032,0.5419354838709678
311,0,1,0.5241157556270096,0.5434083601286174
312,0,1,0.5224358974358975,0.5448717948717948
313,0,0,0.5207667731629393,0.5431309904153354
314,0,0,0.5191082802547771,0.5414012738853503
315,1,0,0.5206349206349207,0.5396825396825397
316,0,0,0.5189873417721519,0.5379746835443038
317,1,1,0.5205047318611987,0.5394321766561514
318,1,1,0.5220125786163522,0.5408805031446541
319,0,1,0.5203761755485894,0.542319749216301
320,0,1,0.51875,0.54375
321,0,1,0.5171339563862928,0.5451713395638629
322,0,1,0.515527950310559,0.546583850931677
323,0,0,0.5139318885448917,0.544891640866873
324,1,1,0.5154320987654321,0.5462962962962963
325,1,0,0.5169230769230769,0.5446153846153846
326,1,0,0.5184049079754601,0.5429447852760736
327,0,1,0.5168195718654435,0.5443425076452599
328,1,0,0.5182926829268293,0.5426829268292683
329,1,1,0.5197568389057751,0.5440729483282675
330,1,0,0.5212121212121212,0.5424242424242425
331,0,1,0.5196374622356495,0.5438066465256798
332,0,0,0.5180722891566265,0.5421686746987951
333,1,1,0.5195195195195195,0.5435435435435435
334,1,0,0.5209580838323353,0.5419161676646707
335,1,1,0.5223880597014925,0.5432835820895522
336,1,1,0.5238095238095238,0.5446428571428571
337,0,0,0.5222551928783383,0.543026706231454
338,0,1,0.5207100591715976,0.5443786982248521
339,0,0,0.5191740412979351,0.5427728613569321
340,1,1,0.5205882352941177,0.5441176470588235
341,0,0,0.5190615835777126,0.5425219941348973
342,0,0,0.5175438596491229,0.5409356725146199
343,0,0,0.5160349854227405,0.5393586005830904
344,1,0,0.5174418604651163,0.5377906976744186
345,1,0,0.518840579710145,0.5362318840579711
346,0,0,0.5173410404624278,0.5346820809248555
347,0,1,0.515850144092219,0.5360230547550432
348,1,0,0.5172413793103449,0.5344827586206896
349,0,1,0.5157593123209169,0.5358166189111748
350,1,1,0.5171428571428571,0.5371428571428571
351,1,1,0.5185185185185185,0.5384615384615384
352,1,1,0.5198863636363636,0.5397727272727273
353,0,1,0.5184135977337111,0.5410764872521246
354,1,0,0.519774011299435,0.53954802259887
355,1,0,0.5211267605633803,0.5380281690140845
356,1,1,0.5224719101123596,0.5393258426966292
357,1,0,0.5238095238095238,0.5378151260504201
358,0,0,0.5223463687150838,0.5363128491620112
359,1,1,0.5236768802228412,0.5376044568245125
360,0,0,0.5222222222222223,0.5361111111111111
361,1,0,0.5235457063711911,0.5346260387811634
362,1,0,0.5248618784530387,0.5331491712707183
363,0,1,0.5234159779614325,0.5344352617079889
364,1,0,0.5247252747252747,0.532967032967033
365,0,0,0.5232876712328767,0.5315068493150685
366,0,1,0.5218579234972678,0.5327868852459017
367,0,0,0.5204359673024523,0.5313351498637602
368,0,1,0.5190217391304348,0.532608695652174
369,1,1,0.5203252032520326,0.5338753387533876
370,1,1,0.5216216216216216,0.5351351351351351
371,0,0,0.5202156334231806,0.5336927223719676
372,0,0,0.5188172043010753,0.532258064516129
373,0,1,0.517426273458445,0.5335120643431636
374,1,0,0.5187165775401069,0.5320855614973262
375,1,1,0.52,0.5333333333333333
376,1,1,0.5212765957446809,0.5345744680851063
377,1,1,0.5225464190981433,0.5358090185676393
378,1,1,0.5238095238095238,0.5370370370370371
379,1,1,0.525065963060686,0.5382585751978892
380,1,1,0.5263157894736842,0.5394736842105263
381,1,0,0.5275590551181102,0.5380577427821522
382,0,0,0.5261780104712042,0.5366492146596858
383,1,1,0.5274151436031331,0.5378590078328982
384,1,1,0.5286458333333334,0.5390625
385,0,0,0.5272727272727272,0.5376623376623376
386,1,1,0.5284974093264249,0.538860103626943
387,0,1,0.5271317829457365,0.5400516795865633
388,0,1,0.5257731958762887,0.5412371134020618
389,1,1,0.5269922879177378,0.5424164524421594
390,1,1,0.5282051282051282,0.5435897435897435
391,1,0,0.5294117647058824,0.5421994884910486
392,1,0,0.5306122448979592,0.5408163265306123
393,1,1,0.5318066157760815,0.5419847328244275
394,1,0,0.5329949238578681,0.5406091370558376
395,0,0,0.5316455696202531,0.5392405063291139
396,0,1,0.5303030303030303,0.5404040404040404
397,0,0,0.5289672544080605,0.5390428211586902
398,1,0,0.5301507537688442,0.5376884422110553
399,0,0,0.5288220551378446,0.5363408521303258
400,1,1,0.53,0.5375
401,0,0,0.5286783042394015,0.5361596009975063
402,1,0,0.5298507462686567,0.5348258706467661
403,0,0,0.5285359801488834,0.533498759305211
404,1,1,0.5297029702970297,0.5346534653465347
405,1,1,0.5308641975308642,0.5358024691358024
406,1,1,0.5320197044334976,0.5369458128078818
407,1,1,0.5331695331695332,0.538083538083538
408,0,0,0.5318627450980392,0.5367647058823529
409,0,1,0.530562347188264,0.5378973105134475
410,1,1,0.5317073170731708,0.5390243902439025
411,0,0,0.5304136253041363,0.537712895377129
412,0,1,0.529126213592233,0.5388349514563107
413,0,1,0.5278450363196125,0.5399515738498789
414,0,1,0.5265700483091788,0.5410628019323671
415,1,0,0.5277108433734939,0.5397590361445783
416,1,1,0.5288461538461539,0.5408653846153846
417,1,1,0.5299760191846523,0.5419664268585132
418,1,0,0.5311004784688995,0.5406698564593302
419,1,0,0.5322195704057279,0.5393794749403341
420,1,1,0.5333333333333333,0.5404761904761904
421,0,0,0.5320665083135392,0.5391923990498813
422,0,1,0.5308056872037915,0.5402843601895735
423,1,1,0.5319148936170213,0.541371158392435
424,0,0,0.5306603773584906,0.5400943396226415
425,1,0,0.5317647058823529,0.5388235294117647
426,1,1,0.5328638497652582,0.539906103286385
427,1,1,0.5339578454332553,0.5409836065573771
428,1,0,0.5350467289719626,0.5397196261682243
429,1,1,0.5361305361305362,0.5407925407925408
430,0,0,0.5348837209302325,0.5395348837209303
431,1,0,0.5359628770301624,0.5382830626450116
432,0,0,0.5347222222222222,0.5370370370370371
433,0,1,0.5334872979214781,0.5381062355658198
434,1,1,0.5345622119815668,0.5391705069124424
435,1,0,0.535632183908046,0.5379310344827586
436,0,1,0.5344036697247706,0.5389908256880734
437,0,0,0.5331807780320366,0.5377574370709383
438,1,0,0.5342465753424658,0.5365296803652968
439,0,1,0.5330296127562643,0.5375854214123007
440,0,1,0.5318181818181819,0.5386363636363637
441,0,0,0.5306122448979592,0.5374149659863946
442,1,1,0.5316742081447964,0.5384615384615384
443,1,1,0.5327313769751693,0.5395033860045146
444,0,0,0.5315315315315315,0.5382882882882883
445,0,1,0.5303370786516854,0.5393258426966292
446,0,0,0.5291479820627802,0.5381165919282511
447,1,0,0.5302013422818792,0.5369127516778524
448,1,1,0.53125,0.5379464285714286
449,1,1,0.532293986636971,0.5389755011135857
450,0,1,0.5311111111111111,0.54
451,1,1,0.532150776053215,0.541019955654102
452,1,0,0.5331858407079646,0.5398230088495575
453,1,1,0.5342163355408388,0.5408388520971302
454,1,0,0.5352422907488987,0.539647577092511
455,1,1,0.5362637362637362,0.5406593406593406
456,0,0,0.5350877192982456,0.5394736842105263
457,0,0,0.5339168490153173,0.5382932166301969
458,0,1,0.5327510917030568,0.5393013100436681
459,1,0,0.5337690631808278,0.5381263616557734
460,0,0,0.532608695652174,0.5369565217391304
461,0,1,0.5314533622559653,0.5379609544468547
462,1,0,0.5324675324675324,0.5367965367965368
463,0,0,0.531317494600432,0.5356371490280778
464,0,1,0.5301724137931034,0.5366379310344828
465,1,0,0.5311827956989247,0.535483870967742
466,1,1,0.5321888412017167,0.5364806866952789
467,1,1,0.5331905781584583,0.5374732334047109
468,0,0,0.532051282051282,0.5363247863247863
469,0,0,0.5309168443496801,0.535181236673774
470,0,0,0.5297872340425532,0.5340425531914894
471,1,1,0.5307855626326964,0.535031847133758
472,0,0,0.5296610169491526,0.5338983050847458
473,1,1,0.5306553911205074,0.5348837209302325
474,0,1,0.5295358649789029,0.5358649789029536
475,1,1,0.5305263157894737,0.5368421052631579
476,0,0,0.5294117647058824,0.5357142857142857
477,1,1,0.5303983228511531,0.5366876310272537
478,1,0,0.5313807531380753,0.5355648535564853
479,1,1,0.5323590814196242,0.5365344467640919
480,1,0,0.5333333333333333,0.5354166666666667
481,1,1,0.5343035343035343,0.5363825363825364
482,1,1,0.5352697095435685,0.5373443983402489
483,1,0,0.5362318840579711,0.5362318840579711
484,0,0,0.5351239669421488,0.5351239669421488
485,1,0,0.5360824742268041,0.534020618556701
486,0,0,0.5349794238683128,0.5329218106995884
487,1,0,0.5359342915811088,0.5318275154004107
488,0,0,0.5348360655737705,0.5307377049180327
489,1,1,0.5357873210633947,0.5316973415132924
490,1,0,0.536734693877551,0.5306122448979592
491,1,0,0.5376782077393075,0.5295315682281059
492,1,0,0.5386178861788617,0.5284552845528455
493,1,0,0.539553752535497,0.5273833671399595
494,1,0,0.5404858299595142,0.5263157894736842
495,1,1,0.5414141414141415,0.5272727272727272
496,1,0,0.5423387096774194,0.5262096774193549
497,1,1,0.5432595573440644,0.5271629778672032
498,1,1,0.5441767068273092,0.5281124497991968
499,0,1,0.5430861723446894,0.5290581162324649
500,0,0,0.542,0.528
501,0,0,0.5409181636726547,0.5269461077844312
502,0,0,0.5398406374501992,0.5258964143426295
503,0,1,0.5387673956262425,0.5268389662027833
504,1,1,0.5396825396825397,0.5277777777777778
505,0,1,0.5386138613861386,0.5287128712871287
506,0,1,0.5375494071146245,0.5296442687747036
507,1,1,0.5384615384615384,0.5305719921104537
508,0,0,0.5374015748031497,0.5295275590551181
509,0,0,0.5363457760314342,0.5284872298624754
510,1,0,0.5372549019607843,0.5274509803921569
511,1,0,0.538160469667319,0.5264187866927593
512,0,1,0.537109375,0.52734375
513,0,1,0.5360623781676414,0.5282651072124757
514,0,1,0.5350194552529183,0.5291828793774319
515,1,0,0.5359223300970873,0.5281553398058253
516,0,0,0.5348837209302325,0.5271317829457365
517,0,1,0.5338491295938105,0.528046421663443
518,1,1,0.5347490347490348,0.528957528957529
519,1,1,0.535645472061657,0.5298651252408478
520,0,0,0.5346153846153846,0.5288461538461539
521,1,0,0.5355086372360844,0.527831094049904
522,0,1,0.5344827586206896,0.5287356321839081
523,1,0,0.5353728489483748,0.5277246653919694
524,1,0,0.5362595419847328,0.5267175572519084
525,1,1,0.5371428571428571,0.5276190476190477
526,0,0,0.5361216730038023,0.526615969581749
527,1,1,0.5370018975332068,0.5275142314990512
528,0,1,0.5359848484848485,0.5284090909090909
529,0,0,0.5349716446124764,0.5274102079395085
530,0,0,0.5339622641509434,0.5264150943396226
531,1,0,0.5348399246704332,0.5254237288135594
532,0,1,0.5338345864661654,0.5263157894736842
533,1,0,0.5347091932457786,0.525328330206379
534,1,1,0.5355805243445693,0.5262172284644194
535,0,0,0.5345794392523364,0.525233644859813
536,1,0,0.5354477611940298,0.5242537313432836
537,0,0,0.5344506517690876,0.5232774674115456
538,0,0,0.533457249070632,0.5223048327137546
539,1,0,0.5343228200371057,0.5213358070500927
540,0,0,0.5333333333333333,0.5203703703703704
541,1,1,0.5341959334565619,0.5212569316081331
542,0,1,0.533210332103321,0.522140221402214
543,0,1,0.5322283609576427,0.5230202578268877
544,0,0,0.53125,0.5220588235294118
545,0,0,0.5302752293577981,0.5211009174311927
546,1,1,0.5311355311355311,0.521978021978022
547,0,1,0.5301645338208409,0.5228519195612431
548,0,1,0.5291970802919708,0.5237226277372263
549,0,0,0.5282331511839709,0.5227686703096539
550,0,0,0.5272727272727272,0.5218181818181818
551,0,0,0.5263157894736842,0.5208711433756806
552,1,1,0.5271739130434783,0.5217391304347826
553,1,0,0.5280289330922242,0.5207956600361664
554,0,0,0.5270758122743683,0.51985559566787
555,0,1,0.5261261261261261,0.5207207207207207
556,1,0,0.5269784172661871,0.5197841726618705
557,1,0,0.5278276481149012,0.518850987432675
558,1,0,0.5286738351254481,0.517921146953405
559,0,0,0.5277280858676208,0.516994633273703
560,1,0,0.5285714285714286,0.5160714285714286
561,1,1,0.5294117647058824,0.5169340463458111
562,1,0,0.5302491103202847,0.5160142348754448
563,1,1,0.5310834813499112,0.5168738898756661
564,1,1,0.5319148936170213,0.5177304964539007
565,0,0,0.5309734513274337,0.5168141592920354
566,1,0,0.5318021201413428,0.5159010600706714
567,1,0,0.5326278659611993,0.5149911816578483
568,1,0,0.5334507042253521,0.5140845070422535
569,0,1,0.5325131810193322,0.5149384885764499
570,0,0,0.531578947368421,0.5140350877192983
571,1,0,0.532399299474606,0.5131348511383538
572,1,0,0.5332167832167832,0.5122377622377622
573,1,1,0.5340314136125655,0.5130890052356021
574,0,0,0.5331010452961672,0.5121951219512195
575,0,1,0.5321739130434783,0.5130434782608696
576,0,1,0.53125,0.5138888888888888
577,1,1,0.5320623916811091,0.5147313691507799
578,0,1,0.5311418685121108,0.5155709342560554
579,0,1,0.5302245250431779,0.5164075993091537
580,1,1,0.5310344827586206,0.5172413793103449
581,0,0,0.5301204819277109,0.5163511187607573
582,0,1,0.5292096219931272,0.5171821305841925
583,1,0,0.5300171526586621,0.516295025728988
584,1,1,0.5308219178082192,0.5171232876712328
585,0,1,0.5299145299145299,0.517948717948718
586,0,1,0.5290102389078498,0.5187713310580204
587,1,1,0.5298126064735945,0.5195911413969335
588,0,1,0.5289115646258503,0.5204081632653061
589,0,0,0.5280135823429541,0.5195246179966044
590,1,1,0.5288135593220339,0.5203389830508475
591,1,1,0.5296108291032149,0.5211505922165821
592,0,0,0.5287162162162162,0.5202702702702703
593,0,1,0.5278246205733558,0.521079258010118
594,1,1,0.5286195286195287,0.5218855218855218
595,0,1,0.5277310924369748,0.5226890756302521
596,1,0,0.5285234899328859,0.5218120805369127
597,0,1,0.5276381909547738,0.5226130653266332
598,0,1,0.5267558528428093,0.5234113712374582
599,0,1,0.5258764607679466,0.5242070116861436
600,0,0,0.525,0.5233333333333333
601,1,0,0.5257903494176372,0.5224625623960066
602,1,1,0.526578073089701,0.5232558139534884
603,1,0,0.527363184079602,0.5223880597014925
604,1,1,0.5281456953642384,0.5231788079470199
605,0,0,0.5272727272727272,0.5223140495867769
606,1,0,0.528052805280528,0.5214521452145214
607,1,0,0.528830313014827,0.5205930807248764
608,0,0,0.5279605263157895,0.5197368421052632
609,0,0,0.5270935960591133,0.5188834154351396
610,1,1,0.5278688524590164,0.519672131147541
611,1,1,0.5286415711947627,0.5204582651391162
612,1,1,0.5294117647058824,0.5212418300653595
613,1,0,0.5301794453507341,0.5203915171288744
614,0,1,0.5293159609120521,0.5211726384364821
615,1,0,0.5300813008130081,0.5203252032520326
616,1,1,0.5308441558441559,0.5211038961038961
617,0,0,0.5299837925445705,0.520259319286872
618,0,1,0.529126213592233,0.5210355987055016
619,0,1,0.5282714054927302,0.5218093699515347
620,0,0,0.5274193548387097,0.5209677419354839
621,0,1,0.5265700483091788,0.5217391304347826
622,1,1,0.5273311897106109,0.522508038585209
623,1,0,0.5280898876404494,0.521669341894061
624,1,0,0.5288461538461539,0.5208333333333334
625,0,1,0.528,0.5216
626,0,1,0.5271565495207667,0.5223642172523961
627,1,1,0.5279106858054227,0.5231259968102073
628,0,1,0.5270700636942676,0.5238853503184714
629,1,0,0.5278219395866455,0.5230524642289348
630,1,1,0.5285714285714286,0.5238095238095238
631,1,0,0.5293185419968305,0.5229793977812995
632,0,0,0.5284810126582279,0.5221518987341772
633,1,0,0.5292259083728278,0.5213270142180095
634,1,1,0.5299684542586751,0.5220820189274448
635,0,1,0.5291338582677165,0.5228346456692914
636,0,0,0.5283018867924528,0.5220125786163522
637,0,0,0.5274725274725275,0.521193092621664
638,1,0,0.5282131661442007,0.5203761755485894
639,0,0,0.5273865414710485,0.5195618153364632
640,0,1,0.5265625,0.5203125
641,1,0,0.5273010920436817,0.5195007800312013
642,1,0,0.5280373831775701,0.5186915887850467
643,0,1,0.5272161741835147,0.5194401244167963
644,1,1,0.5279503105590062,0.5201863354037267
645,0,0,0.5271317829457365,0.5193798449612403
646,0,0,0.5263157894736842,0.5185758513931888
647,0,1,0.5255023183925811,0.5193199381761978
648,0,0,0.5246913580246914,0.5185185185185185
649,1,0,0.5254237288135594,0.5177195685670262
650,1,1,0.5261538461538462,0.5184615384615384
651,1,1,0.5268817204301075,0.5192012288786483
652,1,0,0.5276073619631901,0.5184049079754601
653,1,1,0.5283307810107197,0.5191424196018377
654,0,1,0.5275229357798165,0.5198776758409785
655,1,0,0.5282442748091603,0.5190839694656488
656,1,0,0.5289634146341463,0.5182926829268293
657,1,0,0.5296803652968036,0.517503805175038
658,1,1,0.5303951367781155,0.5182370820668692
659,1,0,0.5311077389984825,0.5174506828528073
660,1,1,0.5318181818181819,0.5181818181818182
661,1,0,0.5325264750378215,0.5173978819969742
662,1,1,0.5332326283987915,0.5181268882175226
663,1,1,0.5339366515837104,0.5188536953242836
664,1,0,0.5346385542168675,0.5180722891566265
665,0,1,0.5338345864661654,0.518796992481203
666,1,1,0.5345345345345346,0.5195195195195195
667,1,0,0.5352323838080959,0.5187406296851574
668,0,1,0.5344311377245509,0.5194610778443114
669,0,1,0.5336322869955157,0.5201793721973094
670,0,0,0.5328358208955224,0.5194029850746269
671,0,0,0.5320417287630402,0.518628912071535
672,0,0,0.53125,0.5178571428571429
673,0,0,0.5304606240713224,0.5170876671619614
674,0,1,0.5296735905044511,0.5178041543026706
675,1,0,0.5303703703703704,0.5170370370370371
676,0,0,0.5295857988165681,0.5162721893491125
677,0,1,0.5288035450516987,0.51698670605613
678,1,0,0.5294985250737463,0.5162241887905604
679,0,0,0.5287187039764359,0.5154639175257731
680,0,0,0.5279411764705882,0.5147058823529411
681,0,0,0.527165932452276,0.5139500734214391
682,1,1,0.5278592375366569,0.5146627565982405
683,1,1,0.5285505124450952,0.5153733528550513
684,0,1,0.5277777777777778,0.5160818713450293
685,1,1,0.5284671532846715,0.5167883211678832
686,1,0,0.5291545189504373,0.5160349854227405
687,1,1,0.529839883551674,0.5167394468704513
688,0,1,0.5290697674418605,0.5174418604651163
689,0,1,0.5283018867924528,0.5181422351233672
690,0,1,0.527536231884058,0.518840579710145
691,0,1,0.5267727930535456,0.5195369030390738
692,1,0,0.5274566473988439,0.5187861271676301
693,1,1,0.5281385281385281,0.5194805194805194
694,0,0,0.5273775216138329,0.5187319884726225
695,1,0,0.5280575539568345,0.5179856115107914
696,1,0,0.5287356321839081,0.5172413793103449
697,0,0,0.5279770444763271,0.5164992826398852
698,1,0,0.5286532951289399,0.5157593123209169
699,0,0,0.5278969957081545,0.5150214592274678
700,1,1,0.5285714285714286,0.5157142857142857
701,1,1,0.5292439372325249,0.5164051355206848
702,0,1,0.5284900284900285,0.5170940170940171
703,1,1,0.5291607396870555,0.5177809388335705
704,1,1,0.5298295454545454,0.5184659090909091
705,0,0,0.5290780141843971,0.5177304964539007
706,1,0,0.5297450424929179,0.5169971671388102
707,0,0,0.5289957567185289,0.5162659123055162
708,0,1,0.5282485875706214,0.5169491525423728
709,0,0,0.5275035260930888,0.5162200282087447
710,1,0,0.528169014084507,0.5154929577464789
711,0,0,0.5274261603375527,0.5147679324894515
712,1,0,0.5280898876404494,0.5140449438202247
713,1,0,0.5287517531556802,0.5133239831697055
714,1,0,0.5294117647058824,0.5126050420168067
715,1,0,0.5300699300699301,0.5118881118881119
716,1,0,0.5307262569832403,0.5111731843575419
717,0,1,0.5299860529986054,0.5118549511854951
718,1,1,0.5306406685236769,0.5125348189415042
719,0,1,0.5299026425591099,0.5132127955493742
720,1,0,0.5305555555555556,0.5125
721,0,0,0.5298196948682385,0.5117891816920943
722,1,0,0.5304709141274239,0.5110803324099723
723,0,1,0.5297372060857538,0.5117565698478561
724,1,1,0.5303867403314917,0.5124309392265194
725,1,0,0.5310344827586206,0.5117241379310344
726,0,0,0.5303030303030303,0.5110192837465565
727,1,0,0.530949105914718,0.5103163686382394
728,1,1,0.5315934065934066,0.510989010989011
729,1,0,0.532235939643347,0.5102880658436214
730,0,1,0.5315068493150685,0.510958904109589
731,0,0,0.53077975376197,0.5102599179206566
732,1,0,0.5314207650273224,0.5095628415300546
733,0,1,0.5306957708049114,0.5102319236016372
734,0,1,0.5299727520435967,0.510899182561308
735,1,1,0.5306122448979592,0.5115646258503401
736,0,1,0.529891304347826,0.5122282608695652
737,1,1,0.5305291723202171,0.5128900949796472
738,0,1,0.5298102981029811,0.513550135501355
739,1,0,0.530446549391069,0.5128552097428958
740,0,0,0.5297297297297298,0.5121621621621621
741,0,0,0.5290148448043185,0.5114709851551957
742,1,0,0.5296495956873315,0.5107816711590296
743,0,0,0.5289367429340511,0.5100942126514132
744,1,1,0.5295698924731183,0.510752688172043
745,1,0,0.5302013422818792,0.5100671140939598
746,0,1,0.5294906166219839,0.5107238605898123
747,1,1,0.5301204819277109,0.5113788487282463
748,0,1,0.5294117647058824,0.5120320855614974
749,1,1,0.5300400534045394,0.5126835781041389
750,0,1,0.5293333333333333,0.5133333333333333
751,0,1,0.5286284953395473,0.5139813581890812
752,0,0,0.5279255319148937,0.5132978723404256
753,0,0,0.5272244355909694,0.5126162018592297
754,0,1,0.5265251989389921,0.513262599469496
755,0,1,0.5258278145695364,0.5139072847682119
756,1,0,0.5264550264550265,0.5132275132275133
757,1,1,0.5270805812417437,0.5138705416116248
758,0,1,0.5263852242744064,0.5145118733509235
759,0,1,0.525691699604743,0.5151515151515151
760,1,1,0.5263157894736842,0.5157894736842106
761,0,1,0.5256241787122208,0.5164257555847569
762,1,0,0.526246719160105,0.515748031496063
763,0,0,0.5255570117955439,0.5150720838794234
764,1,1,0.5261780104712042,0.5157068062827225
765,1,1,0.526797385620915,0.5163398692810458
766,1,0,0.5274151436031331,0.5156657963446475
767,1,0,0.5280312907431551,0.5149934810951761
768,1,1,0.5286458333333334,0.515625
769,0,0,0.5279583875162549,0.5149544863459038
770,0,0,0.5272727272727272,0.5142857142857142
771,0,0,0.5265888456549935,0.5136186770428015
772,0,1,0.5259067357512953,0.5142487046632125
773,0,0,0.5252263906856404,0.5135834411384217
774,1,1,0.5258397932816538,0.5142118863049095
775,0,0,0.5251612903225806,0.5135483870967742
776,1,0,0.5257731958762887,0.5128865979381443
777,0,0,0.525096525096525,0.5122265122265123
778,1,0,0.525706940874036,0.5115681233933161
779,0,1,0.5250320924261874,0.5121951219512195
780,0,0,0.5243589743589744,0.5115384615384615
781,0,0,0.5236875800256082,0.5108834827144686
782,0,1,0.5230179028132992,0.5115089514066496
783,1,0,0.5236270753512133,0.5108556832694764
784,0,1,0.5229591836734694,0.5114795918367347
785,0,1,0.5222929936305732,0.5121019108280255
786,1,0,0.5229007633587787,0.5114503816793893
787,1,0,0.5235069885641678,0.5108005082592122
788,0,1,0.5228426395939086,0.5114213197969543
789,0,0,0.5221799746514575,0.5107731305449936
790,0,0,0.5215189873417722,0.5101265822784811
791,1,1,0.5221238938053098,0.5107458912768648
792,1,1,0.5227272727272727,0.5113636363636364
793,1,0,0.5233291298865069,0.510718789407314
794,0,1,0.5226700251889169,0.5113350125944585
795,1,1,0.5232704402515723,0.5119496855345912
796,0,1,0.5226130653266332,0.5125628140703518
797,0,0,0.5219573400250941,0.5119196988707654
798,1,1,0.5225563909774437,0.5125313283208021
799,0,1,0.5219023779724656,0.5131414267834794
800,0,0,0.52125,0.5125
801,0,1,0.5205992509363296,0.5131086142322098
802,1,0,0.5211970074812967,0.5124688279301746
803,0,1,0.5205479452054794,0.5130759651307597
804,1,1,0.5211442786069652,0.513681592039801
805,0,1,0.5204968944099378,0.5142857142857142
806,1,0,0.5210918114143921,0.5136476426799007
807,1,0,0.5216852540272615,0.5130111524163569
808,0,0,0.5210396039603961,0.5123762376237624
809,1,0,0.5216316440049443,0.511742892459827
810,1,0,0.5222222222222223,0.5111111111111111
811,1,0,0.5228113440197287,0.5104808877928483
812,0,0,0.5221674876847291,0.5098522167487685
813,1,1,0.5227552275522755,0.5104551045510455
814,1,0,0.5233415233415234,0.5098280098280098
815,1,1,0.5239263803680981,0.5104294478527608
816,0,0,0.5232843137254902,0.5098039215686274
817,0,0,0.5226438188494492,0.5091799265605875
818,0,1,0.5220048899755502,0.5097799511002445
819,1,1,0.5225885225885226,0.5103785103785103
820,1,0,0.5231707317073171,0.5097560975609756
821,1,0,0.5237515225334958,0.5091352009744214
822,0,1,0.5231143552311436,0.5097323600973236
823,0,1,0.5224787363304981,0.5103280680437424
824,0,0,0.5218446601941747,0.5097087378640777
825,1,1,0.5224242424242425,0.5103030303030303
826,1,0,0.5230024213075061,0.5096852300242131
827,1,0,0.5235792019347038,0.5090689238210399
828,0,0,0.5229468599033816,0.5084541062801933
829,1,1,0.5235223160434258,0.5090470446320868
830,1,1,0.5240963855421686,0.5096385542168674
831,1,1,0.5246690734055355,0.5102286401925391
832,1,1,0.5252403846153846,0.5108173076923077
833,0,1,0.524609843937575,0.5114045618247299
834,0,1,0.5239808153477218,0.511990407673861
835,0,1,0.5233532934131736,0.5125748502994012
836,1,1,0.5239234449760766,0.5131578947368421
837,1,1,0.5244922341696535,0.5137395459976105
838,1,1,0.5250596658711217,0.5143198090692124
839,0,1,0.5244338498212158,0.5148986889153755
840,0,1,0.5238095238095238,0.5154761904761904
841,1,1,0.5243757431629013,0.5160523186682521
842,1,1,0.5249406175771971,0.5166270783847982
843,0,0,0.5243179122182681,0.5160142348754448
844,0,1,0.523696682464455,0.5165876777251185
845,0,0,0.5230769230769231,0.5159763313609468
846,0,0,0.5224586288416075,0.5153664302600472
847,1,1,0.5230224321133412,0.5159386068476978
848,1,0,0.5235849056603774,0.5153301886792453
849,1,0,0.5241460541813898,0.5147232037691402
850,1,0,0.5247058823529411,0.5141176470588236
851,1,0,0.5252643948296122,0.5135135135135135
852,0,0,0.5246478873239436,0.5129107981220657
853,1,1,0.5252051582649473,0.5134818288393904
854,0,0,0.5245901639344263,0.5128805620608899
855,1,1,0.5251461988304094,0.5134502923976608
856,0,0,0.5245327102803738,0.5128504672897196
857,0,0,0.5239206534422404,0.5122520420070011
858,1,0,0.5244755244755245,0.5116550116550117
859,0,0,0.5238649592549476,0.5110593713620489
860,0,0,0.5232558139534884,0.5104651162790698
861,1,1,0.5238095238095238,0.5110336817653891
862,0,0,0.5232018561484919,0.5104408352668214
863,0,1,0.522595596755504,0.5110081112398609
864,0,0,0.5219907407407407,0.5104166666666666
865,1,1,0.522543352601156,0.5109826589595375
866,0,1,0.5219399538106235,0.5115473441108545
867,0,0,0.5213379469434832,0.510957324106113
868,0,1,0.5207373271889401,0.511520737327189
869,0,0,0.520138089758343,0.5109321058688148
870,0,0,0.5195402298850574,0.5103448275862069
871,1,1,0.5200918484500574,0.5109070034443168
872,0,1,0.5194954128440367,0.5114678899082569
873,1,0,0.5200458190148912,0.5108820160366552
874,0,1,0.5194508009153318,0.511441647597254
875,1,1,0.52,0.512
876,1,0,0.5205479452054794,0.5114155251141552
877,1,1,0.5210946408209807,0.5119726339794755
878,1,0,0.5216400911161732,0.5113895216400911
879,1,0,0.5221843003412969,0.5108077360637088
880,0,1,0.5215909090909091,0.5113636363636364
881,1,1,0.5221339387060159,0.5119182746878547
882,1,0,0.5226757369614512,0.5113378684807256
883,0,0,0.522083805209513,0.5107587768969423
884,0,0,0.5214932126696833,0.5101809954751131
885,1,1,0.5220338983050847,0.5107344632768361
886,0,1,0.5214446952595937,0.5112866817155757
887,0,1,0.5208568207440811,0.5118376550169109
888,0,1,0.5202702702702703,0.5123873873873874
889,1,0,0.5208098987626547,0.5118110236220472
890,1,0,0.5213483146067416,0.5112359550561798
891,0,1,0.5207631874298541,0.5117845117845118
892,0,1,0.5201793721973094,0.5123318385650224
893,0,0,0.5195968645016797,0.5117581187010078
894,0,1,0.5190156599552572,0.5123042505592841
895,1,0,0.5195530726256983,0.511731843575419
896,0,0,0.5189732142857143,0.5111607142857143
897,1,0,0.5195094760312151,0.5105908584169454
898,1,0,0.5200445434298441,0.5100222717149221
899,1,0,0.5205784204671857,0.5094549499443827
900,1,0,0.5211111111111111,0.5088888888888888
901,0,0,0.5205327413984462,0.5083240843507214
902,1,1,0.5210643015521065,0.508869179600887
903,0,0,0.5204872646733112,0.5083056478405316
904,1,1,0.5210176991150443,0.5088495575221239
905,1,1,0.5215469613259669,0.5093922651933702
906,1,0,0.522075055187638,0.5088300220750552
907,1,0,0.5226019845644984,0.5082690187431091
908,1,0,0.5231277533039648,0.5077092511013216
909,1,0,0.5236523652365237,0.5071507150715071
910,0,1,0.5230769230769231,0.5076923076923077
911,0,1,0.5225027442371021,0.5082327113062569
912,0,0,0.5219298245614035,0.5076754385964912
913,1,1,0.5224534501642936,0.5082146768893757
914,1,1,0.5229759299781181,0.5087527352297593
915,0,0,0.5224043715846994,0.5081967213114754
916,0,0,0.5218340611353712,0.50764192139738
917,0,1,0.5212649945474372,0.5081788440567067
918,0,0,0.5206971677559913,0.5076252723311547
919,1,0,0.5212187159956474,0.5070729053318824
920,1,1,0.5217391304347826,0.5076086956521739
921,0,1,0.5211726384364821,0.50814332247557
922,0,1,0.5206073752711496,0.5086767895878525
923,0,0,0.5200433369447454,0.5081256771397616
924,0,1,0.5194805194805194,0.5086580086580087
925,0,1,0.518918918918919,0.5091891891891892
926,0,1,0.5183585313174947,0.509719222462203
927,0,0,0.517799352750809,0.5091693635382956
928,1,0,0.5183189655172413,0.5086206896551724
929,1,1,0.5188374596340151,0.5091496232508074
930,0,1,0.5182795698924731,0.5096774193548387
931,0,0,0.5177228786251342,0.5091299677765844
932,0,1,0.5171673819742489,0.509656652360515
933,1,0,0.5176848874598071,0.5091103965702036
934,1,1,0.5182012847965739,0.5096359743040685
935,0,0,0.5176470588235295,0.509090909090909
936,1,0,0.5181623931623932,0.5085470085470085
937,0,0,0.5176093916755603,0.5080042689434365
938,0,0,0.5170575692963753,0.5074626865671642
939,1,1,0.5175718849840255,0.5079872204472844
940,1,0,0.5180851063829788,0.5074468085106383
941,0,1,0.5175345377258236,0.5079702444208289
942,0,1,0.5169851380042463,0.5084925690021231
943,0,1,0.5164369034994698,0.5090137857900318
944,1,1,0.5169491525423728,0.5095338983050848
945,0,1,0.5164021164021164,0.5100529100529101
946,1,0,0.5169133192389006,0.5095137420718816
947,0,0,0.5163674762407603,0.5089757127771911
948,1,0,0.5168776371308017,0.5084388185654009
949,0,0,0.5163329820864068,0.5079030558482613
950,1,0,0.5168421052631579,0.5073684210526316
951,1,1,0.5173501577287066,0.5078864353312302
952,1,1,0.5178571428571429,0.5084033613445378
953,0,1,0.5173137460650578,0.5089192025183631
954,0,1,0.5167714884696016,0.5094339622641509
955,0,1,0.5162303664921466,0.5099476439790576
956,0,1,0.5156903765690377,0.5104602510460251
957,1,0,0.51619644723093,0.509926854754441
958,1,1,0.5167014613778705,0.5104384133611691
959,0,1,0.516162669447341,0.5109489051094891
960,0,0,0.515625,0.5104166666666666
961,1,1,0.5161290322580645,0.5109261186264308
962,0,1,0.5155925155925156,0.5114345114345115
963,0,0,0.5150571131879543,0.5109034267912772
964,1,1,0.5155601659751037,0.5114107883817427
965,0,0,0.5150259067357513,0.510880829015544
966,0,1,0.5144927536231884,0.5113871635610766
967,1,0,0.5149948293691831,0.5108583247156153
968,0,1,0.5144628099173554,0.5113636363636364
969,0,0,0.5139318885448917,0.5108359133126935
970,0,0,0.51340206185567,0.5103092783505154
971,0,1,0.5128733264675592,0.5108135942327497
972,0,0,0.5123456790123457,0.5102880658436214
973,1,0,0.512846865364851,0.5097636176772867
974,1,1,0.5133470225872689,0.5102669404517454
975,1,1,0.5138461538461538,0.5107692307692308
976,1,0,0.514344262295082,0.5102459016393442
977,1,0,0.5148413510747185,0.5097236438075742
978,0,1,0.5143149284253579,0.5102249488752556
979,1,1,0.5148110316649642,0.5107252298263534
980,0,1,0.5142857142857142,0.5112244897959184
981,1,1,0.5147808358817533,0.5117227319062182
982,1,1,0.515274949083503,0.5122199592668024
983,1,0,0.5157680569684638,0.5116988809766022
984,1,0,0.516260162601626,0.5111788617886179
985,0,0,0.515736040609137,0.5106598984771573
986,0,1,0.5152129817444219,0.5111561866125761
987,0,0,0.5146909827760892,0.5106382978723404
988,1,1,0.5151821862348178,0.5111336032388664
989,1,0,0.5156723963599595,0.5106167846309403
990,1,0,0.5161616161616162,0.51010101010101
991,1,0,0.5166498486377397,0.5095862764883956
992,1,1,0.5171370967741935,0.5100806451612904
993,1,0,0.5176233635448136,0.5095669687814703
994,1,1,0.5181086519114688,0.5100603621730382
995,0,0,0.5175879396984925,0.5095477386934674
996,0,1,0.5170682730923695,0.5100401606425703
997,0,0,0.5165496489468405,0.5095285857572718
998,0,1,0.5160320641282565,0.5100200400801603
999,1,1,0.5165165165165165,0.5105105105105106
1000,1,0,0.517,0.51
1001,1,1,0.5174825174825175,0.5104895104895105
1002,1,0,0.5179640718562875,0.5099800399201597
1003,1,1,0.518444666001994,0.5104685942173479
1004,0,1,0.5179282868525896,0.5109561752988048
1005,0,1,0.5174129353233831,0.5114427860696518
1006,0,1,0.5168986083499006,0.5119284294234593
1007,0,1,0.5163853028798411,0.5124131082423039
1008,0,0,0.5158730158730159,0.5119047619047619
1009,0,0,0.5153617443012884,0.5113974231912785
1010,1,1,0.5158415841584159,0.5118811881188119
1011,1,0,0.516320474777448,0.5113748763600395
1012,0,1,0.5158102766798419,0.5118577075098815
1013,0,1,0.5153010858835143,0.5123395853899309
1014,1,0,0.5157790927021696,0.5118343195266272
1015,0,0,0.5152709359605911,0.5113300492610837
1016,1,0,0.515748031496063,0.5108267716535433
1017,0,0,0.5152409046214356,0.5103244837758112
1018,0,0,0.5147347740667977,0.5098231827111984
1019,1,0,0.5152109911678115,0.5093228655544652
1020,1,0,0.515686274509804,0.5088235294117647
1021,1,0,0.5161606268364348,0.5083251714005876
1022,0,0,0.5156555772994129,0.5078277886497065
1023,0,1,0.5151515151515151,0.5083088954056696
1024,1,1,0.515625,0.5087890625
1025,1,0,0.5160975609756098,0.5082926829268293
1026,0,0,0.5155945419103314,0.5077972709551657
1027,0,0,0.5150925024342746,0.50730282375852
1028,0,0,0.5145914396887159,0.5068093385214008
1029,0,0,0.5140913508260447,0.5063168124392614
1030,1,0,0.5145631067961165,0.5058252427184466
1031,0,1,0.5140640155189137,0.5063045586808923
1032,1,0,0.5145348837209303,0.5058139534883721
1033,0,1,0.5140367860600193,0.5062923523717329
1034,1,0,0.5145067698259188,0.5058027079303675
1035,0,1,0.5140096618357488,0.506280193236715
1036,1,1,0.5144787644787645,0.5067567567567568
1037,0,1,0.5139826422372228,0.5072324011571842
1038,1,1,0.5144508670520231,0.5077071290944123
1039,1,1,0.5149181905678537,0.5081809432146295
1040,1,0,0.5153846153846153,0.5076923076923077
1041,0,0,0.5148895292987512,0.5072046109510087
1042,0,1,0.5143953934740882,0.5076775431861804
1043,1,1,0.5148609779482263,0.5081495685522531
1044,1,0,0.5153256704980843,0.5076628352490421
1045,0,0,0.5148325358851674,0.507177033492823
1046,1,0,0.5152963671128107,0.5066921606118547
1047,0,1,0.5148042024832856,0.5071633237822349
1048,1,1,0.5152671755725191,0.5076335877862596
1049,0,1,0.5147759771210677,0.5081029551954243
1050,0,1,0.5142857142857142,0.5085714285714286
1051,1,0,0.5147478591817317,0.5080875356803045
1052,1,1,0.5152091254752852,0.5085551330798479
1053,0,1,0.5147198480531814,0.5090218423551757
1054,0,0,0.5142314990512334,0.50853889943074
1055,1,0,0.5146919431279621,0.5080568720379147
1056,0,0,0.5142045454545454,0.5075757575757576
1057,0,1,0.5137180700094608,0.5080416272469253
1058,1,1,0.5141776937618148,0.5085066162570888
1059,1,0,0.5146364494806421,0.5080264400377715
1060,1,1,0.5150943396226415,0.5084905660377359
1061,0,1,0.5146088595664468,0.5089538171536286
1062,1,0,0.5150659133709982,0.5084745762711864
1063,1,1,0.51552210724365,0.5089369708372531
1064,0,1,0.5150375939849624,0.5093984962406015
1065,1,0,0.5154929577464789,0.5089201877934272
1066,1,0,0.5159474671669794,0.5084427767354597
1067,1,0,0.5164011246485474,0.5079662605435802
1068,1,1,0.5168539325842697,0.5084269662921348
1069,1,1,0.5173058933582788,0.5088868101028999
1070,0,1,0.516822429906542,0.5093457943925234
1071,0,0,0.5163398692810458,0.5088702147525677
1072,0,0,0.5158582089552238,0.5083955223880597
1073,1,0,0.516309412861137,0.5079217148182665
1074,1,0,0.5167597765363129,0.5074487895716946
1075,1,0,0.5172093023255814,0.5069767441860465
1076,0,1,0.516728624535316,0.5074349442379182
1077,0,1,0.5162488393686165,0.5078922934076138
1078,0,1,0.5157699443413729,0.5083487940630798
1079,1,0,0.5162187210379982,0.5078776645041705
1080,1,0,0.5166666666666667,0.5074074074074074
1081,0,1,0.5161887141535615,0.5078630897317299
1082,0,1,0.5157116451016636,0.5083179297597042
1083,1,1,0.5161588180978762,0.5087719298245614
1084,0,0,0.5156826568265682,0.5083025830258303
1085,0,0,0.5152073732718894,0.5078341013824885
1086,1,0,0.5156537753222836,0.507366482504604
1087,0,1,0.515179392824287,0.5078196872125115
1088,1,0,0.515625,0.5073529411764706
1089,1,0,0.5160697887970616,0.5068870523415978
1090,0,0,0.5155963302752293,0.5064220183486239
1091,0,0,0.5151237396883593,0.5059578368469294
1092,1,1,0.5155677655677655,0.5064102564102564
1093,1,1,0.5160109789569991,0.5068618481244281
1094,1,0,0.5164533820840951,0.506398537477148
1095,0,1,0.5159817351598174,0.5068493150684932
1096,1,0,0.5164233576642335,0.5063868613138686
1097,1,1,0.5168641750227895,0.5068368277119416
1098,1,1,0.517304189435337,0.5072859744990893
1099,1,1,0.5177434030937216,0.5077343039126478
1100,1,1,0.5181818181818182,0.5081818181818182
1101,1,1,0.5186194368755677,0.508628519527702
1102,1,0,0.5190562613430127,0.5081669691470054
1103,0,1,0.5185856754306437,0.5086128739800544
1104,0,1,0.5181159420289855,0.5090579710144928
1105,1,0,0.5185520361990951,0.5085972850678733
1106,0,1,0.5180831826401446,0.5090415913200723
1107,0,0,0.5176151761517616,0.5085817524841915
1108,1,0,0.5180505415162455,0.5081227436823105
1109,0,0,0.5175834084761046,0.5076645626690712
1110,0,0,0.5171171171171172,0.5072072072072072
1111,0,0,0.5166516651665166,0.5067506750675067
1112,1,1,0.5170863309352518,0.5071942446043165
1113,1,0,0.5175202156334232,0.5067385444743935
1114,1,1,0.5179533213644524,0.507181328545781
1115,0,1,0.5174887892376682,0.5076233183856502
1116,1,0,0.517921146953405,0.507168458781362
1117,1,0,0.5183527305282005,0.5067144136078783
1118,1,1,0.518783542039356,0.5071556350626119
1119,0,0,0.5183199285075961,0.5067024128686327
1120,1,1,0.51875,0.5071428571428571
1121,1,0,0.5191793041926851,0.5066904549509367
1122,1,1,0.5196078431372549,0.5071301247771836
1123,1,0,0.5200356188780053,0.5066785396260017
1124,1,0,0.5204626334519573,0.5062277580071174
1125,0,0,0.52,0.5057777777777778
1126,0,0,0.5195381882770871,0.5053285968028419
1127,0,1,0.5190771960958296,0.5057675244010648
1128,0,1,0.5186170212765957,0.5062056737588653
1129,1,0,0.5190434012400355,0.5057573073516386
1130,0,0,0.5185840707964602,0.5053097345132743
1131,0,0,0.5181255526083113,0.5048629531388152
1132,1,1,0.5185512367491166,0.5053003533568905
1133,0,0,0.5180935569285083,0.5048543689320388
1134,1,1,0.5185185185185185,0.5052910052910053
1135,1,0,0.518942731277533,0.5048458149779735
1136,1,0,0.5193661971830986,0.5044014084507042
1137,0,1,0.5189094107299912,0.5048372911169745
1138,1,1,0.5193321616871704,0.5052724077328646
1139,1,1,0.5197541703248464,0.5057067603160668
1140,1,1,0.5201754385964912,0.506140350877193
1141,1,1,0.5205959684487291,0.5065731814198072
1142,0,1,0.5201401050788091,0.5070052539404554
1143,0,0,0.5196850393700787,0.5065616797900262
1144,1,0,0.5201048951048951,0.5061188811188811
1145,1,0,0.5205240174672489,0.5056768558951965
1146,0,1,0.5200698080279232,0.506108202443281
1147,1,1,0.5204882301656495,0.5065387968613775
1148,0,0,0.5200348432055749,0.5060975609756098
1149,1,1,0.5204525674499565,0.5065274151436031
1150,1,1,0.5208695652173913,0.5069565217391304
1151,1,0,0.5212858384013901,0.5065160729800173
1152,1,1,0.5217013888888888,0.5069444444444444
1153,0,1,0.5212489158716392,0.5073720728534259
1154,1,1,0.5216637781629117,0.5077989601386482
1155,0,1,0.5212121212121212,0.5082251082251082
1156,0,1,0.5207612456747405,0.5086505190311419
1157,0,1,0.5203111495246326,0.5090751944684528
1158,1,1,0.5207253886010362,0.5094991364421416
1159,0,1,0.5202761000862812,0.5099223468507333
1160,0,0,0.5198275862068965,0.5094827586206897
1161,1,1,0.5202411714039621,0.5099052540913006
1162,1,1,0.5206540447504303,0.5103270223752151
1163,0,0,0.5202063628546861,0.5098882201203784
1164,1,0,0.520618556701031,0.5094501718213058
1165,0,1,0.5201716738197425,0.5098712446351932
1166,0,1,0.5197255574614065,0.5102915951972555
1167,1,1,0.5201371036846615,0.5107112253641817
1168,1,1,0.5205479452054794,0.5111301369863014
1169,0,1,0.5201026518391788,0.5115483319076134
1170,1,1,0.5205128205128206,0.5119658119658119
1171,1,0,0.5209222886421861,0.511528608027327
1172,0,0,0.5204778156996587,0.5110921501706485
1173,1,0,0.5208866155157715,0.5106564364876386
1174,1,0,0.5212947189097104,0.510221465076661
1175,1,0,0.5217021276595745,0.5097872340425532
1176,0,0,0.5212585034013606,0.5093537414965986
1177,0,1,0.5208156329651656,0.5097706032285472
1178,1,0,0.5212224108658744,0.5093378607809848
1179,1,1,0.5216284987277354,0.5097540288379983
1180,0,0,0.5211864406779662,0.5093220338983051
1181,1,1,0.5215918712955123,0.5097375105842507
1182,1,0,0.5219966159052454,0.5093062605752962
1183,1,1,0.5224006762468301,0.5097210481825867
1184,0,1,0.5219594594594594,0.5101351351351351
1185,0,1,0.5215189873417722,0.510548523206751
1186,0,1,0.521079258010118,0.5109612141652614
1187,1,0,0.5214827295703454,0.510530749789385
1188,1,0,0.5218855218855218,0.51010101010101
1189,0,0,0.5214465937762826,0.5096719932716569
1190,0,0,0.5210084033613446,0.5092436974789916
1191,1,1,0.5214105793450882,0.5096557514693535
1192,0,0,0.5209731543624161,0.5092281879194631
1193,1,1,0.5213746856663872,0.509639564124057
1194,0,1,0.5209380234505863,0.5100502512562815
1195,0,0,0.5205020920502093,0.5096234309623431
1196,1,0,0.5209030100334449,0.5091973244147158
1197,1,1,0.5213032581453634,0.5096073517126148
1198,1,1,0.5217028380634391,0.510016694490818
1199,0,1,0.5212677231025855,0.5104253544620517
1200,1,0,0.5216666666666666,0.51
1201,1,0,0.5220649458784347,0.5095753538717736
1202,1,1,0.5224625623960066,0.5099833610648918
1203,0,0,0.5220282626766417,0.5095594347464671
1204,1,1,0.5224252491694352,0.5099667774086378
1205,1,0,0.5228215767634855,0.5095435684647303
1206,0,1,0.5223880597014925,0.5099502487562189
1207,1,0,0.5227837613918807,0.5095277547638773
1208,1,0,0.5231788079470199,0.5091059602649006
1209,0,1,0.522746071133168,0.5095119933829612
1210,0,1,0.5223140495867769,0.5099173553719009
1211,0,0,0.5218827415359207,0.509496284062758
1212,0,1,0.5214521452145214,0.5099009900990099
1213,0,1,0.5210222588623248,0.5103050288540808
1214,0,0,0.5205930807248764,0.5098846787479407
1215,0,1,0.5201646090534979,0.5102880658436214
1216,0,1,0.5197368421052632,0.5106907894736842
1217,1,1,0.5201314708299096,0.5110928512736237
1218,0,0,0.5197044334975369,0.5106732348111659
1219,1,0,0.5200984413453651,0.5102543068088597
1220,0,1,0.519672131147541,0.510655737704918
1221,0,0,0.5192465192465192,0.5102375102375102
1222,0,0,0.5188216039279869,0.5098199672667758
1223,1,1,0.5192150449713818,0.5102207686017989
1224,0,1,0.5187908496732027,0.5106209150326797
1225,1,0,0.5191836734693878,0.5102040816326531
1226,0,0,0.5187601957585645,0.5097879282218597
1227,0,1,0.5183374083129584,0.5101874490627547
1228,1,1,0.5187296416938111,0.510586319218241
1229,0,1,0.5183075671277462,0.5109845402766476
1230,0,0,0.5178861788617887,0.510569105691057
1231,1,0,0.5182778229082047,0.5101543460601138
1232,0,1,0.5178571428571429,0.510551948051948
1233,0,1,0.5174371451743714,0.5109489051094891
1234,0,0,0.5170178282009724,0.5105348460291734
1235,1,0,0.5174089068825911,0.5101214574898786
1236,1,0,0.517799352750809,0.5097087378640777
1237,1,0,0.5181891673403395,0.5092966855295069
1238,1,0,0.518578352180937,0.5088852988691438
1239,0,1,0.5181598062953995,0.5092816787732042
1240,0,1,0.5177419354838709,0.5096774193548387
1241,1,0,0.5181305398871877,0.5092667203867849
1242,0,1,0.5177133655394525,0.5096618357487923
1243,1,0,0.5181013676588898,0.5092518101367659
1244,0,0,0.5176848874598071,0.5088424437299035
1245,0,0,0.5172690763052209,0.5084337349397591
1246,1,0,0.5176565008025682,0.5080256821829856
1247,1,0,0.5180433039294307,0.5076182838813151
1248,1,0,0.5184294871794872,0.5072115384615384
1249,1,0,0.5188150520416333,0.5068054443554844
1250,0,0,0.5184,0.5064
1251,0,0,0.5179856115107914,0.5059952038369304
1252,0,1,0.5175718849840255,0.5063897763578274
1253,1,1,0.5179569034317638,0.5067837190742218
1254,0,0,0.5175438596491229,0.5063795853269537
1255,0,0,0.5171314741035856,0.5059760956175299
1256,1,1,0.517515923566879,0.5063694267515924
1257,1,0,0.5178997613365155,0.5059665871121718
1258,0,1,0.5174880763116058,0.5063593004769475
1259,1,1,0.5178713264495631,0.5067513899920572
1260,0,0,0.5174603174603175,0.5063492063492063
1261,0,0,0.5170499603489295,0.5059476605868358
1262,0,0,0.5166402535657686,0.5055467511885895
1263,1,0,0.5170229612034838,0.5051464766429137
1264,1,0,0.5174050632911392,0.504746835443038
1265,1,0,0.5177865612648221,0.5043478260869565
1266,0,0,0.5173775671406003,0.5039494470774092
1267,0,1,0.5169692186266772,0.5043409629044988
1268,1,0,0.5173501577287066,0.5039432176656151
1269,1,1,0.5177304964539007,0.5043341213553979
1270,1,1,0.5181102362204725,0.5047244094488189
1271,0,0,0.5177025963808025,0.5043273013375295
1272,1,1,0.5180817610062893,0.5047169811320755
1273,0,0,0.5176747839748626,0.5043205027494109
1274,0,1,0.5172684458398744,0.5047095761381476
1275,1,0,0.5176470588235295,0.504313725490196
1276,0,1,0.5172413793103449,0.5047021943573667
1277,0,1,0.5168363351605325,0.5050900548159749
1278,0,0,0.5164319248826291,0.5046948356807511
1279,1,1,0.5168100078186083,0.5050820953870211
1280,0,1,0.51640625,0.50546875
1281,0,0,0.5160031225604996,0.5050741608118657
1282,0,1,0.515600624024961,0.5054602184087363
1283,1,0,0.5159781761496492,0.505066250974279
1284,0,0,0.5155763239875389,0.5046728971962616
1285,1,1,0.5159533073929962,0.5050583657587548
1286,1,0,0.5163297045101088,0.504665629860031
1287,0,1,0.515928515928516,0.5050505050505051
1288,0,1,0.515527950310559,0.5054347826086957
1289,0,1,0.5151280062063616,0.5058184639255237
1290,0,0,0.5147286821705427,0.5054263565891473
1291,1,1,0.5151045701006971,0.5058094500387297
1292,0,1,0.5147058823529411,0.5061919504643962
1293,0,1,0.51430781129157,0.5065738592420727
1294,1,0,0.5146831530139103,0.5061823802163833
1295,0,0,0.5142857142857142,0.5057915057915058
1296,1,0,0.5146604938271605,0.5054012345679012
1297,0,0,0.5142636854279106,0.505011565150347
1298,1,0,0.514637904468413,0.5046224961479199
1299,1,0,0.5150115473441108,0.5042340261739799
1300,1,1,0.5153846153846153,0.5046153846153846
1301,0,1,0.5149884704073789,0.5049961568024597
1302,1,1,0.5153609831029186,0.5053763440860215
1303,1,1,0.5157329240214888,0.5057559478127398
1304,1,0,0.5161042944785276,0.5053680981595092
1305,1,1,0.5164750957854406,0.5057471264367817
1306,0,0,0.5160796324655437,0.5053598774885145
1307,1,0,0.5164498852333589,0.504973221117062
1308,0,0,0.5160550458715596,0.5045871559633027
1309,0,1,0.5156608097784569,0.5049656226126814
1310,0,1,0.5152671755725191,0.5053435114503817
1311,0,0,0.5148741418764302,0.5049580472921434
1312,0,0,0.5144817073170732,0.5045731707317073
1313,0,1,0.5140898705255141,0.504950495049505
1314,1,1,0.5144596651445966,0.5053272450532724
1315,1,1,0.5148288973384031,0.5057034220532319
1316,1,1,0.5151975683890577,0.506079027355623
1317,0,0,0.5148063781321185,0.5056947608200456
1318,0,0,0.5144157814871017,0.5053110773899848
1319,1,0,0.514783927217589,0.5049279757391963
1320,1,1,0.5151515151515151,0.5053030303030303
1321,0,0,0.5147615442846328,0.5049205147615443
1322,1,0,0.5151285930408472,0.5045385779122542
1323,0,1,0.5147392290249433,0.5049130763416477
1324,0,1,0.5143504531722054,0.5052870090634441
1325,0,1,0.5139622641509434,0.5056603773584906
1326,0,0,0.5135746606334841,0.5052790346907994
1327,0,1,0.5131876412961568,0.5056518462697814
1328,0,1,0.5128012048192772,0.5060240963855421
1329,0,1,0.5124153498871332,0.5063957863054929
1330,1,1,0.512781954887218,0.5067669172932331
1331,0,0,0.512396694214876,0.5063861758076634
1332,0,1,0.512012012012012,0.5067567567567568
1333,0,1,0.5116279069767442,0.5071267816954238
1334,1,1,0.5119940029985007,0.507496251874063
1335,1,1,0.5123595505617977,0.5078651685393258
1336,0,0,0.5119760479041916,0.5074850299401198
1337,0,0,0.5115931189229619,0.5071054599850411
1338,1,1,0.5119581464872944,0.507473841554559
1339,1,1,0.5123226288274833,0.5078416728902165
1340,1,1,0.5126865671641792,0.5082089552238805
1341,1,1,0.5130499627143923,0.5085756897837435
1342,1,1,0.5134128166915052,0.5089418777943369
1343,0,0,0.513030528667163,0.5085629188384214
1344,1,1,0.5133928571428571,0.5089285714285714
1345,1,0,0.5137546468401487,0.5085501858736059
1346,0,0,0.513372956909361,0.5081723625557206
1347,1,1,0.5137342242019303,0.5085374907201188
1348,1,1,0.5140949554896143,0.5089020771513353
1349,1,0,0.514455151964418,0.508524833209785
1350,0,1,0.5140740740740741,0.5088888888888888
1351,1,0,0.5144337527757217,0.5085122131754256
1352,1,0,0.514792899408284,0.5081360946745562
1353,1,1,0.5151515151515151,0.50849963045085
1354,0,1,0.5147710487444609,0.5088626292466765
1355,1,1,0.5151291512915129,0.5092250922509225
1356,0,0,0.5147492625368731,0.5088495575221239
1357,1,0,0.5151068533529846,0.5084745762711864
1358,1,0,0.5154639175257731,0.508100147275405
1359,1,0,0.5158204562178073,0.5077262693156733
1360,0,0,0.5154411764705882,0.5073529411764706
1361,0,1,0.5150624540778839,0.5077149155033064
1362,1,0,0.5154185022026432,0.5073421439060205
1363,1,0,0.5157740278796772,0.5069699192956714
1364,0,1,0.5153958944281525,0.5073313782991202
1365,0,1,0.515018315018315,0.5076923076923077
1366,1,0,0.5153733528550513,0.5073206442166911
1367,0,0,0.514996342355523,0.506949524506218
1368,1,1,0.5153508771929824,0.5073099415204678
1369,1,1,0.5157048940832725,0.5076698319941563
1370,0,0,0.5153284671532846,0.5072992700729927
1371,1,1,0.5156819839533188,0.5076586433260394
1372,1,1,0.5160349854227405,0.5080174927113703
1373,0,1,0.515659140568099,0.5083758193736344
1374,0,1,0.5152838427947598,0.5087336244541485
1375,0,0,0.5149090909090909,0.5083636363636364
1376,1,0,0.5152616279069767,0.5079941860465116
1377,0,1,0.5148874364560639,0.5083514887436456
1378,0,1,0.5145137880986937,0.5087082728592163
1379,1,1,0.5148658448150834,0.5090645395213923
1380,0,1,0.5144927536231884,0.5094202898550725
1381,1,0,0.5148443157132513,0.5090514120202752
1382,0,0,0.5144717800289436,0.5086830680173662
1383,1,1,0.514822848879248,0.5090383224873464
1384,0,0,0.5144508670520231,0.5086705202312138
1385,1,0,0.5148014440433213,0.5083032490974729
1386,1,1,0.5151515151515151,0.5086580086580087
1387,0,1,0.5147801009372747,0.5090122566690699
1388,1,1,0.5151296829971181,0.5093659942363112
1389,1,1,0.515478761699064,0.509719222462203
1390,0,0,0.5151079136690647,0.5093525179856115
1391,1,0,0.5154565061107117,0.5089863407620417
1392,1,0,0.5158045977011494,0.5086206896551724
1393,0,1,0.5154343144292893,0.5089734386216799
1394,1,1,0.5157819225251076,0.509325681492109
1395,0,0,0.5154121863799284,0.5089605734767025
1396,0,0,0.5150429799426934,0.5085959885386819
1397,0,1,0.5146743020758768,0.5089477451682176
1398,1,1,0.5150214592274678,0.5092989985693849
1399,0,1,0.5146533238027162,0.509649749821301
1400,0,0,0.5142857142857142,0.5092857142857142
1401,0,1,0.5139186295503212,0.5096359743040685
1402,0,1,0.5135520684736091,0.5099857346647646
1403,0,1,0.5131860299358517,0.5103349964362082
1404,0,0,0.5128205128205128,0.50997150997151
1405,1,1,0.5131672597864768,0.5103202846975089
1406,1,0,0.5135135135135135,0.5099573257467994
1407,0,0,0.5131485429992892,0.509594882729211
1408,0,0,0.5127840909090909,0.5092329545454546
1409,1,0,0.5131298793470547,0.5088715400993612
1410,0,0,0.5127659574468085,0.5085106382978724
1411,1,0,0.513111268603827,0.5081502480510276
1412,0,1,0.5127478753541076,0.5084985835694051
1413,1,0,0.5130927105449399,0.508138711960368
1414,0,1,0.5127298444130127,0.5084865629420084
1415,0,0,0.5123674911660777,0.5081272084805654
1416,0,0,0.5120056497175142,0.507768361581921
1417,1,0,0.5123500352858151,0.507410021171489
1418,0,1,0.5119887165021156,0.5077574047954866
1419,1,0,0.5123326286116984,0.507399577167019
1420,1,0,0.5126760563380282,0.5070422535211268
1421,0,1,0.5123152709359606,0.5073891625615764
1422,0,1,0.5119549929676512,0.5077355836849508
1423,0,1,0.5115952213633169,0.5080815179198875
1424,1,0,0.511938202247191,0.5077247191011236
1425,0,0,0.511578947368421,0.5073684210526316
1426,1,0,0.511921458625526,0.5070126227208976
1427,0,1,0.51156271899089,0.5073580939032937
1428,1,0,0.5119047619047619,0.5070028011204482
1429,1,1,0.5122463261021694,0.5073477956613016
1430,1,0,0.5125874125874126,0.506993006993007
1431,0,0,0.5122292103424179,0.506638714185884
1432,0,0,0.5118715083798883,0.5062849162011173
1433,1,0,0.5122121423586881,0.5059316120027914
1434,0,0,0.5118549511854951,0.5055788005578801
1435,0,1,0.5114982578397212,0.5059233449477352
1436,0,1,0.5111420612813371,0.5062674094707521
1437,1,0,0.511482254697286,0.5059151009046625
1438,0,1,0.5111265646731572,0.5062586926286509
1439,1,0,0.5114662960389159,0.5059068797776234
1440,1,0,0.5118055555555555,0.5055555555555555
1441,0,1,0.5114503816793893,0.5058986814712005
1442,1,1,0.5117891816920943,0.5062413314840499
1443,0,0,0.5114345114345115,0.5058905058905059
1444,1,1,0.5117728531855956,0.5062326869806094
1445,0,1,0.5114186851211072,0.5065743944636678
1446,0,1,0.5110650069156293,0.5069156293222683
1447,1,1,0.5114029025570145,0.507256392536282
1448,0,0,0.511049723756906,0.5069060773480663
1449,0,0,0.5106970324361628,0.5065562456866805
1450,1,0,0.5110344827586207,0.5062068965517241
1451,1,0,0.5113714679531358,0.5058580289455548
1452,0,1,0.5110192837465565,0.506198347107438
1453,1,1,0.5113558155540262,0.5065381968341363
1454,0,1,0.5110041265474553,0.5068775790921596
1455,0,0,0.5106529209621993,0.5065292096219931
1456,0,1,0.5103021978021978,0.5068681318681318
1457,1,1,0.5106382978723404,0.5072065888812629
1458,0,0,0.5102880658436214,0.5068587105624143
1459,1,1,0.5106237148732008,0.5071967100753941
1460,1,1,0.510958904109589,0.5075342465753425
1461,1,1,0.5112936344969199,0.5078713210130048
1462,1,1,0.5116279069767442,0.5082079343365253
1463,0,0,0.5112781954887218,0.5078605604921395
1464,1,1,0.5116120218579235,0.5081967213114754
1465,0,1,0.5112627986348123,0.5085324232081911
1466,1,1,0.5115961800818554,0.5088676671214188
1467,1,0,0.5119291070211316,0.5085207907293797
1468,1,0,0.5122615803814714,0.5081743869209809
1469,1,0,0.5125936010891763,0.5078284547311096
1470,0,1,0.5122448979591837,0.5081632653061224
1471,0,0,0.5118966689326988,0.5078178110129163
1472,1,0,0.5122282608695652,0.5074728260869565
1473,0,0,0.5118805159538357,0.5071283095723014
1474,0,0,0.5115332428765265,0.5067842605156038
1475,1,0,0.511864406779661,0.5064406779661017
1476,1,1,0.5121951219512195,0.5067750677506775
1477,1,0,0.5125253893026405,0.5064319566689235
1478,1,0,0.5128552097428958,0.5060893098782138
1479,0,0,0.5125084516565247,0.5057471264367817
1480,1,1,0.5128378378378379,0.5060810810810811
1481,1,0,0.513166779203241,0.5057393652937204
1482,1,0,0.5134952766531714,0.5053981106612686
1483,1,0,0.5138233310856373,0.5050573162508429
1484,1,1,0.5141509433962265,0.5053908355795148
1485,0,1,0.5138047138047138,0.5057239057239057
1486,1,1,0.5141318977119784,0.506056527590848
1487,1,0,0.5144586415601883,0.5057162071284466
1488,0,1,0.5141129032258065,0.5060483870967742
1489,0,1,0.513767629281397,0.506380120886501
1490,1,0,0.5140939597315436,0.5060402684563758
1491,0,0,0.5137491616364855,0.505700871898055
1492,0,1,0.5134048257372654,0.5060321715817694
1493,1,0,0.5137307434695244,0.5056932350971199
1494,0,1,0.5133868808567604,0.5060240963855421
1495,1,1,0.5137123745819397,0.5063545150501673
1496,0,1,0.5133689839572193,0.5066844919786097
1497,1,0,0.5136940547762191,0.5063460253841016
1498,1,1,0.514018691588785,0.5066755674232309
1499,0,0,0.513675783855904,0.5063375583722481
1500,1,0,0.514,0.506
1501,0,0,0.513657561625583,0.5056628914057295
1502,0,1,0.5133155792276964,0.5059920106524634
1503,0,0,0.5129740518962076,0.5056553559547572
1504,1,0,0.5132978723404256,0.5053191489361702
1505,0,1,0.5129568106312292,0.5056478405315614
1506,1,1,0.5132802124833997,0.5059760956175299
1507,0,1,0.5129396151293961,0.5063039150630392
1508,1,1,0.513262599469496,0.506631299734748
1509,0,1,0.5129224652087475,0.5069582504970179
1510,1,0,0.5132450331125827,0.5066225165562914
1511,0,1,0.5129053606882858,0.5069490403706155
1512,1,0,0.5132275132275133,0.5066137566137566
1513,0,0,0.5128883013879709,0.5062789160608063
1514,1,1,0.5132100396301189,0.5066050198150595
1515,1,1,0.5135313531353135,0.5069306930693069
1516,1,1,0.5138522427440633,0.5072559366754618
1517,1,0,0.5141727092946605,0.5069215557020436
1518,1,1,0.5144927536231884,0.5072463768115942
1519,1,0,0.5148123765635286,0.5069124423963134
1520,0,0,0.5144736842105263,0.506578947368421
1521,1,0,0.514792899408284,0.5062458908612755
1522,1,0,0.5151116951379764,0.5059132720105125
1523,0,1,0.5147734734077478,0.5062376887721602
1524,0,0,0.5144356955380578,0.5059055118110236
1525,1,0,0.5147540983606558,0.5055737704918033
1526,1,0,0.5150720838794234,0.5052424639580603
1527,1,1,0.5153896529142109,0.5055664702030125
1528,0,0,0.5150523560209425,0.5052356020942408
1529,0,0,0.5147155003270111,0.5049051667756703
1530,1,1,0.515032679738562,0.5052287581699346
1531,1,1,0.5153494448073155,0.5055519268451992
1532,1,1,0.5156657963446475,0.5058746736292428
1533,1,0,0.5159817351598174,0.5055446836268754
1534,1,1,0.516297262059974,0.5058670143415906
1535,1,0,0.5166123778501629,0.5055374592833877
1536,0,0,0.5162760416666666,0.5052083333333334
1537,1,1,0.516590761223162,0.505530253741054
1538,1,0,0.5169050715214565,0.5052015604681405
1539,0,0,0.5165692007797271,0.5048732943469786
1540,0,1,0.5162337662337663,0.5051948051948052
1541,0,0,0.5158987670343933,0.5048669695003245
1542,1,0,0.51621271076524,0.5045395590142672
1543,0,1,0.5158781594296824,0.5048606610499028
1544,1,1,0.5161917098445595,0.5051813471502591
1545,0,1,0.5158576051779935,0.5055016181229773
1546,1,1,0.5161707632600259,0.5058214747736093
1547,0,1,0.5158371040723982,0.5061409179056238
1548,0,0,0.5155038759689923,0.5058139534883721
1549,0,0,0.5151710781149128,0.5054874112330536
1550,1,0,0.515483870967742,0.5051612903225806
1551,1,0,0.5157962604771116,0.504835589941973
1552,1,1,0.5161082474226805,0.5051546391752577
1553,1,1,0.5164198325820991,0.5054732775273664
1554,0,1,0.5160875160875161,0.5057915057915058
1555,0,0,0.5157556270096463,0.5054662379421222
1556,1,1,0.5160668380462725,0.5057840616966581
1557,1,1,0.5163776493256262,0.5061014771997431
1558,1,1,0.5166880616174583,0.506418485237484
1559,1,0,0.5169980756895446,0.5060936497754971
1560,1,0,0.5173076923076924,0.5057692307692307
1561,1,0,0.5176169122357464,0.5054452274183215
1562,0,0,0.5172855313700384,0.5051216389244558
1563,1,0,0.5175943698016635,0.5047984644913628
1564,0,1,0.5172634271099744,0.5051150895140665
1565,0,1,0.5169329073482428,0.5054313099041533
1566,0,0,0.5166028097062579,0.5051085568326947
1567,0,1,0.5162731333758774,0.5054243777919591
1568,1,1,0.5165816326530612,0.5057397959183674
1569,1,0,0.5168897386870618,0.5054174633524537
1570,0,0,0.5165605095541401,0.5050955414012739
1571,0,0,0.5162316995544239,0.5047740292807129
1572,0,0,0.5159033078880407,0.5044529262086515
1573,0,0,0.5155753337571519,0.5041322314049587
1574,0,1,0.5152477763659467,0.5044472681067345
1575,1,1,0.5155555555555555,0.5047619047619047
1576,1,1,0.5158629441624365,0.5050761421319797
1577,1,0,0.5161699429296132,0.5047558655675333
1578,1,1,0.5164765525982256,0.5050697084917617
1579,0,1,0.5161494616846105,0.5053831538948702
1580,1,0,0.5164556962025316,0.5050632911392405
1581,1,0,0.5167615433270082,0.5047438330170778
1582,0,0,0.5164348925410872,0.504424778761062
1583,1,0,0.5167403663929249,0.5041061276058117
1584,0,0,0.5164141414141414,0.5037878787878788
1585,0,1,0.5160883280757098,0.5041009463722398
1586,1,1,0.5163934426229508,0.5044136191677175
1587,0,1,0.5160680529300568,0.504725897920605
1588,1,0,0.5163727959697733,0.5044080604534005
1589,1,0,0.5166771554436753,0.5040906230333543
1590,0,0,0.5163522012578616,0.5037735849056604
1591,0,1,0.5160276555625393,0.5040854808296669
1592,1,1,0.5163316582914573,0.5043969849246231
1593,1,0,0.5166352793471437,0.5040803515379787
1594,1,0,0.5169385194479298,0.5037641154328732
1595,1,1,0.5172413793103449,0.5040752351097179
1596,0,0,0.5169172932330827,0.5037593984962406
1597,0,1,0.5165936130244208,0.504070131496556
1598,1,1,0.5168961201501877,0.5043804755944932
1599,1,1,0.517198248905566,0.5046904315196998
1600,0,0,0.516875,0.504375
1601,0,0,0.5165521549031855,0.5040599625234229
1602,1,1,0.5168539325842697,0.5043695380774033
1603,1,1,0.5171553337492202,0.5046787273861509
1604,1,1,0.5174563591022444,0.5049875311720698
1605,0,1,0.5171339563862928,0.5052959501557632
1606,1,1,0.5174346201743462,0.5056039850560399
1607,0,1,0.5171126322339763,0.5059116365899191
1608,1,1,0.5174129353233831,0.5062189054726368
1609,0,1,0.5170913610938471,0.5065257924176507
1610,0,0,0.5167701863354037,0.5062111801242236
1611,0,1,0.5164494103041589,0.5065176908752328
1612,0,0,0.5161290322580645,0.5062034739454094
1613,1,0,0.5164290142591444,0.5058896466212027
1614,0,1,0.5161090458488228,0.5061957868649318
1615,0,0,0.5157894736842106,0.5058823529411764
1616,0,0,0.5154702970297029,0.505569306930693
1617,1,0,0.5157699443413729,0.505256648113791
1618,1,1,0.5160692212608158,0.5055624227441285
1619,1,0,0.5163681284743669,0.5052501544163064
1620,1,0,0.5166666666666667,0.5049382716049383
1621,1,1,0.5169648365206663,0.5052436767427514
1622,0,0,0.5166461159062885,0.5049321824907521
1623,0,1,0.5163277880468269,0.5052372150338879
1624,1,0,0.5166256157635468,0.5049261083743842
1625,0,0,0.5163076923076924,0.5046153846153846
1626,0,0,0.515990159901599,0.5043050430504306
1627,1,1,0.5162876459741856,0.5046097111247695
1628,1,1,0.5165847665847666,0.504914004914005
1629,0,1,0.516267648864334,0.5052179251074279
1630,1,1,0.5165644171779141,0.505521472392638
1631,0,0,0.5162477007970571,0.5052115266707541
1632,0,1,0.5159313725490197,0.5055147058823529
1633,1,0,0.5162278015921616,0.5052051439069197
1634,1,0,0.5165238678090576,0.5048959608323134
1635,1,1,0.5168195718654435,0.5051987767584097
1636,1,0,0.5171149144254279,0.5048899755501223
1637,1,1,0.5174098961514967,0.5051924251679902
1638,0,0,0.5170940170940171,0.5048840048840049
1639,0,1,0.5167785234899329,0.5051860890787065
1640,1,1,0.5170731707317073,0.5054878048780488
1641,1,1,0.5173674588665448,0.505789152955515
1642,1,1,0.5176613885505481,0.5060901339829477
1643,0,1,0.5173463177115033,0.5063907486305539
1644,0,1,0.5170316301703163,0.5066909975669099
1645,0,1,0.5167173252279635,0.5069908814589665
1646,1,1,0.517010935601458,0.5072904009720535
1647,1,1,0.517304189435337,0.5075895567698846
1648,1,1,0.5175970873786407,0.5078883495145631
1649,1,0,0.5178896300788357,0.5075803517283202
1650,0,1,0.5175757575757576,0.5078787878787879
1651,0,1,0.5172622652937614,0.5081768625075712
1652,1,0,0.5175544794188862,0.5078692493946732
1653,0,1,0.5172413793103449,0.5081669691470054
1654,0,0,0.5169286577992744,0.5078597339782346
1655,1,0,0.5172205438066465,0.5075528700906344
1656,1,0,0.517512077294686,0.5072463768115942
1657,1,1,0.5178032589016295,0.5075437537718769
1658,0,0,0.517490952955368,0.5072376357056695
1659,1,1,0.517781796262809,0.5075346594333936
1660,1,1,0.5180722891566265,0.5078313253012048
1661,1,0,0.518362432269717,0.5075255869957856
1662,1,0,0.5186522262334536,0.5072202166064982
1663,0,1,0.5183403487672881,0.5075165363800361
1664,0,0,0.5180288461538461,0.5072115384615384
1665,0,1,0.5177177177177177,0.5075075075075075
1666,0,1,0.517406962785114,0.5078031212484994
1667,0,1,0.5170965806838632,0.5080983803239352
1668,0,1,0.5167865707434053,0.5083932853717026
1669,1,0,0.5170760934691432,0.5080886758538047
1670,0,0,0.5167664670658683,0.5077844311377245
1671,1,0,0.5170556552962298,0.5074805505685218
1672,1,0,0.5173444976076556,0.507177033492823
1673,0,0,0.5170352659892409,0.5068738792588166
1674,0,0,0.516726403823178,0.5065710872162486
1675,1,1,0.5170149253731343,0.5068656716417911
1676,0,1,0.5167064439140812,0.5071599045346062
1677,0,1,0.5163983303518187,0.507453786523554
1678,1,1,0.5166865315852205,0.5077473182359953
1679,1,0,0.51697438951757,0.5074449076831448
1680,0,0,0.5166666666666667,0.5071428571428571
1681,1,0,0.5169541939321832,0.5068411659726353
1682,1,1,0.5172413793103449,0.5071343638525565
1683,0,1,0.5169340463458111,0.5074272133095663
1684,1,0,0.5172209026128266,0.5071258907363421
1685,1,0,0.5175074183976262,0.5068249258160238
1686,1,0,0.5177935943060499,0.5065243179122183
1687,0,1,0.5174866627148785,0.5068168346176645
1688,1,1,0.5177725118483413,0.5071090047393365
1689,0,1,0.5174659561870929,0.507400828892836
1690,1,1,0.5177514792899408,0.5076923076923077
1691,0,0,0.5174452986398581,0.5073920756948551
1692,1,0,0.5177304964539007,0.5070921985815603
1693,1,0,0.5180153573538098,0.5067926757235677
1694,1,0,0.5182998819362455,0.5064935064935064
1695,0,0,0.5179941002949853,0.5061946902654867
1696,0,0,0.5176886792452831,0.5058962264150944
1697,0,1,0.5173836181496759,0.5061873895109016
1698,0,0,0.5170789163722026,0.5058892815076561
1699,1,1,0.5173631547969394,0.5061801059446733
1700,1,1,0.5176470588235295,0.5064705882352941
1701,0,1,0.5173427395649618,0.5067607289829512
1702,0,1,0.5170387779083431,0.5070505287896592
1703,0,0,0.5167351732237229,0.5067527891955372
1704,0,1,0.5164319248826291,0.5070422535211268
1705,0,0,0.5161290322580645,0.5067448680351906
1706,0,1,0.5158264947245017,0.5070339976553341
1707,1,1,0.5161101347393088,0.5073227885178676
1708,1,0,0.5163934426229508,0.5070257611241218
1709,1,0,0.5166764189584553,0.5067290813341135
1710,1,1,0.5169590643274854,0.5070175438596491
1711,1,1,0.5172413793103449,0.5073056691992986
1712,1,0,0.5175233644859814,0.5070093457943925
1713,1,1,0.5178050204319906,0.5072971395213076
1714,0,0,0.5175029171528588,0.5070011668611435
1715,0,0,0.5172011661807581,0.5067055393586006
1716,0,0,0.5168997668997669,0.5064102564102564
1717,0,1,0.516598718695399,0.5066977285963891
1718,1,0,0.5168800931315483,0.5064027939464494
1719,0,1,0.5165794066317626,0.5066899360093078
1720,1,1,0.516860465116279,0.5069767441860465
1721,0,1,0.516560139453806,0.5072632190586868
1722,1,1,0.5168408826945412,0.5075493612078978
1723,0,1,0.5165409170052234,0.5078351712130006
1724,0,1,0.5162412993039444,0.5081206496519721
1725,1,1,0.5165217391304348,0.5084057971014493
1726,0,0,0.5162224797219004,0.5081112398609502
1727,0,1,0.5159235668789809,0.50839606253619
1728,1,0,0.5162037037037037,0.5081018518518519
1729,1,1,0.5164835164835165,0.5083863504916136
1730,0,1,0.5161849710982659,0.5086705202312138
1731,0,0,0.5158867706528019,0.5083766608896592
1732,0,0,0.5155889145496536,0.5080831408775982
1733,1,0,0.515868436237738,0.5077899596076169
1734,1,1,0.5161476355247981,0.5080738177623991
1735,0,1,0.515850144092219,0.5083573487031701
1736,1,1,0.5161290322580645,0.5086405529953917
1737,0,1,0.515831894070236,0.5089234312032239
1738,1,0,0.5161104718066744,0.5086306098964327
1739,0,1,0.515813686026452,0.5089131684876366
1740,1,1,0.5160919540229885,0.5091954022988506
1741,1,1,0.5163699023549684,0.5094773118897186
1742,1,1,0.5166475315729047,0.5097588978185993
1743,0,1,0.5163511187607573,0.5100401606425703
1744,1,1,0.5166284403669725,0.5103211009174312
1745,1,0,0.5169054441260745,0.5100286532951289
1746,1,0,0.5171821305841925,0.5097365406643757
1747,1,1,0.5174585002862049,0.5100171722953635
1748,1,1,0.5177345537757437,0.5102974828375286
1749,1,1,0.5180102915951973,0.5105774728416238
1750,0,1,0.5177142857142857,0.5108571428571429
1751,1,1,0.5179897201599086,0.5111364934323244
1752,1,0,0.5182648401826484,0.5108447488584474
1753,0,0,0.517969195664575,0.5105533371363377
1754,0,0,0.5176738882554162,0.5102622576966933
1755,0,0,0.5173789173789174,0.50997150997151
1756,1,0,0.5176537585421412,0.5096810933940774
1757,1,1,0.5179282868525896,0.5099601593625498
1758,0,1,0.5176336746302617,0.5102389078498294
1759,0,1,0.5173393973848778,0.5105173393973849
1760,0,1,0.5170454545454546,0.5107954545454545
1761,0,1,0.5167518455423055,0.5110732538330494
1762,1,1,0.5170261066969353,0.5113507377979569
1763,1,0,0.5173000567214975,0.5110606920022689
1764,0,1,0.5170068027210885,0.5113378684807256
1765,1,0,0.5172804532577904,0.5110481586402267
1766,1,0,0.5175537938844847,0.5107587768969423
1767,1,0,0.5178268251273345,0.5104697226938314
1768,0,0,0.5175339366515838,0.5101809954751131
1769,0,0,0.5172413793103449,0.5098925946862635
1770,1,1,0.5175141242937853,0.5101694915254237
1771,1,1,0.5177865612648221,0.510446075663467
1772,1,0,0.518058690744921,0.510158013544018
1773,1,1,0.5183305132543711,0.5104342921601804
1774,0,1,0.5180383314543405,0.5107102593010147
1775,1,0,0.5183098591549296,0.5104225352112676
1776,1,1,0.518581081081081,0.5106981981981982
1777,1,1,0.5188519977490152,0.5109735509285313
1778,1,1,0.5191226096737908,0.5112485939257593
1779,0,0,0.5188308038223721,0.5109612141652614
1780,0,1,0.5185393258426966,0.5112359550561798
1781,1,0,0.5188096574957889,0.5109489051094891
1782,0,0,0.5185185185185185,0.510662177328844
1783,0,0,0.5182277061132922,0.5103757711721817
1784,0,0,0.5179372197309418,0.5100896860986547
1785,1,1,0.5182072829131653,0.5103641456582633
1786,1,1,0.5184770436730123,0.5106382978723404
1787,1,0,0.5187465025181869,0.51035254616676
1788,1,1,0.5190156599552572,0.5106263982102909
1789,0,0,0.5187255449972051,0.5103409726103969
1790,0,1,0.5184357541899441,0.5106145251396648
1791,1,0,0.5187046342825238,0.5103294249022893
1792,0,1,0.5184151785714286,0.5106026785714286
1793,0,1,0.5181260457334077,0.5108756274400447
1794,0,1,0.5178372352285395,0.5111482720178372
1795,0,1,0.5175487465181059,0.5114206128133705
1796,1,1,0.5178173719376392,0.5116926503340757
1797,0,1,0.5175292153589316,0.5119643850862549
1798,0,0,0.5172413793103449,0.5116796440489433
1799,1,0,0.5175097276264592,0.5113952195664258
1800,0,1,0.5172222222222222,0.5116666666666667
1801,0,0,0.5169350360910605,0.5113825652415325
1802,0,1,0.5166481687014428,0.51165371809101
1803,0,1,0.5163616195230172,0.511924570160843
1804,1,1,0.516629711751663,0.5121951219512195
1805,0,0,0.5163434903047092,0.5119113573407202
1806,1,1,0.5166112956810631,0.5121816168327796
1807,1,1,0.5168788046485888,0.5124515771997786
1808,1,1,0.5171460176991151,0.5127212389380531
1809,1,1,0.5174129353233831,0.5129906025428413
1810,0,0,0.5171270718232044,0.512707182320442
1811,0,1,0.5168415240198785,0.5129762562120376
1812,1,1,0.5171081677704195,0.5132450331125827
1813,1,1,0.5173745173745173,0.5135135135135135
1814,0,0,0.5170893054024256,0.5132304299889746
1815,1,0,0.5173553719008265,0.5129476584022039
1816,1,1,0.5176211453744494,0.513215859030837
1817,1,0,0.5178866263070996,0.5129334067143644
1818,0,1,0.5176017601760176,0.5132013201320133
1819,0,1,0.5173172072567345,0.5134689389774602
1820,0,1,0.5170329670329671,0.5137362637362637
1821,1,1,0.5172981878088962,0.514003294892916
1822,1,0,0.5175631174533479,0.5137211855104281
1823,1,0,0.5178277564454197,0.5134393856280856
1824,1,1,0.5180921052631579,0.5137061403508771
1825,1,0,0.5183561643835617,0.5134246575342466
1826,0,1,0.5180722891566265,0.5136911281489595
1827,1,0,0.518336070060208,0.5134099616858238
1828,1,1,0.5185995623632386,0.5136761487964989
1829,1,1,0.5188627665390924,0.5139420448332422
1830,1,1,0.5191256830601093,0.514207650273224
1831,1,0,0.519388312397597,0.5139268159475696
1832,1,0,0.519650655021834,0.513646288209607
1833,0,1,0.51936715766503,0.513911620294599
1834,1,1,0.5196292257360959,0.5141766630316249
1835,0,1,0.5193460490463215,0.514441416893733
1836,0,0,0.5190631808278867,0.514161220043573
1837,1,1,0.5193249863908547,0.5144256940664126
1838,1,0,0.5195865070729053,0.514145810663765
1839,1,0,0.519847743338771,0.5138662316476346
1840,0,1,0.5195652173913043,0.5141304347826087
1841,0,0,0.5192829983704509,0.5138511678435633
1842,0,1,0.5190010857763301,0.5141150922909881
1843,1,1,0.5192620727075421,0.5143787303309821
1844,0,1,0.5189804772234273,0.514642082429501
1845,0,1,0.5186991869918699,0.5149051490514905
1846,0,1,0.5184182015167931,0.5151679306608884
1847,1,0,0.5186789388197076,0.5148890092041147
1848,1,1,0.5189393939393939,0.5151515151515151
1849,1,1,0.5191995673336939,0.515413737155219
1850,1,1,0.5194594594594595,0.5156756756756756
1851,0,1,0.5191788222582387,0.5159373311723393
1852,1,1,0.519438444924406,0.5161987041036717
1853,1,1,0.5196977873718295,0.5164597949271452
1854,0,0,0.5194174757281553,0.5161812297734628
1855,0,1,0.5191374663072776,0.5164420485175202
1856,1,0,0.5193965517241379,0.5161637931034483
1857,1,1,0.5196553581044696,0.5164243403338719
1858,0,1,0.5193756727664155,0.5166846071044133
1859,0,0,0.5190962883270576,0.516406670252824
1860,1,0,0.5193548387096775,0.5161290322580645
1861,1,0,0.5196131112305212,0.5158516926383665
1862,0,0,0.5193340494092373,0.5155746509129968
1863,1,0,0.5195920558239399,0.5152979066022544
1864,0,0,0.51931330472103,0.5150214592274678
1865,1,0,0.5195710455764075,0.514745308310992
1866,0,1,0.5192926045016077,0.515005359056806
1867,0,0,0.5190144617032673,0.514729512587038
1868,1,0,0.5192719486081371,0.5144539614561028
1869,1,0,0.5195291599785982,0.5141787051899411
1870,0,1,0.5192513368983958,0.5144385026737968
1871,1,0,0.5195082843399251,0.5141635489043292
1872,1,0,0.5197649572649573,0.5138888888888888
1873,0,0,0.5194874532835024,0.5136145221569675
1874,1,1,0.5197438633938101,0.5138740661686233
1875,0,1,0.5194666666666666,0.5141333333333333
1876,1,1,0.5197228144989339,0.5143923240938166
1877,1,1,0.5199786893979755,0.5146510388918487
1878,1,1,0.520234291799787,0.5149094781682642
1879,0,1,0.5199574241617881,0.515167642362959
1880,0,0,0.5196808510638298,0.5148936170212766
1881,1,1,0.5199362041467305,0.5151515151515151
1882,1,0,0.5201912858660999,0.5148777895855473
1883,0,0,0.5199150292087095,0.5146043547530537
1884,1,1,0.5201698513800425,0.5148619957537155
1885,0,1,0.519893899204244,0.5151193633952255
1886,1,0,0.5201484623541888,0.514846235418876
1887,1,1,0.5204027556968733,0.5151033386327504
1888,0,0,0.5201271186440678,0.5148305084745762
1889,1,0,0.5203811540497618,0.5145579671784013
1890,0,0,0.5201058201058201,0.5142857142857142
1891,1,1,0.5203595980962453,0.5145425700687467
1892,0,1,0.5200845665961945,0.514799154334038
1893,1,0,0.520338087691495,0.5145272054939249
1894,1,1,0.5205913410770855,0.5147835269271384
1895,1,1,0.520844327176781,0.5150395778364116
1896,1,1,0.5210970464135021,0.515295358649789
1897,1,1,0.5213494992092778,0.5155508697944122
1898,0,0,0.5210748155953635,0.5152792413066386
1899,1,1,0.5213270142180095,0.5155344918378094
1900,0,1,0.5210526315789473,0.5157894736842106
1901,1,0,0.5213045765386639,0.5155181483429774
1902,1,0,0.5215562565720294,0.5152471083070452
1903,1,0,0.5218076720966894,0.5149763531266421
1904,1,1,0.5220588235294118,0.5152310924369747
1905,1,0,0.5223097112860893,0.5149606299212598
1906,1,1,0.5225603357817419,0.5152151101783841
1907,1,1,0.5228106974305191,0.5154693235448348
1908,1,0,0.5230607966457023,0.5151991614255765
1909,1,0,0.5233106338397067,0.5149292823467784
1910,0,1,0.5230366492146596,0.5151832460732985
1911,1,1,0.5232862375719518,0.5154369440083726
1912,0,0,0.5230125523012552,0.5151673640167364
1913,0,0,0.5227391531625719,0.5148980658651333
1914,0,1,0.522466039707419,0.5151515151515151
1915,0,0,0.5221932114882507,0.5148825065274152
1916,0,1,0.5219206680584552,0.5151356993736952
1917,0,0,0.5216484089723527,0.514866979655712
1918,1,0,0.5218978102189781,0.5145985401459854
1919,0,1,0.5216258467952058,0.5148514851485149
1920,1,0,0.521875,0.5145833333333333
1921,1,1,0.5221238938053098,0.5148360229047371
1922,1,1,0.522372528616025,0.5150884495317378
1923,1,1,0.5226209048361935,0.515340613624545
1924,0,1,0.5223492723492723,0.5155925155925156
1925,1,1,0.5225974025974026,0.5158441558441559
1926,0,0,0.5223260643821391,0.5155763239875389
1927,1,1,0.5225739491437468,0.5158277114686041
1928,0,0,0.5223029045643154,0.5155601659751037
1929,1,1,0.5225505443234837,0.5158113011923277
1930,1,1,0.5227979274611398,0.5160621761658031
1931,1,1,0.523045054375971,0.5163127912998446
1932,1,0,0.5232919254658385,0.5160455486542443
1933,1,1,0.5235385411277806,0.5162959130884636
1934,1,1,0.5237849017580145,0.516546018614271
1935,1,0,0.524031007751938,0.5162790697674419
1936,1,1,0.5242768595041323,0.5165289256198347
1937,0,1,0.5240061951471348,0.5167785234899329
1938,0,1,0.5237358101135191,0.5170278637770898
1939,0,0,0.5234657039711191,0.516761217122228
1940,0,1,0.5231958762886598,0.5170103092783506
1941,0,0,0.5229263266357548,0.5167439464193715
1942,1,0,0.5231719876416066,0.5164778578784758
1943,0,1,0.5229027277406073,0.51672671127123
1944,1,0,0.5231481481481481,0.5164609053497943
1945,1,1,0.5233933161953728,0.5167095115681234
1946,1,0,0.5236382322713258,0.5164439876670093
1947,0,0,0.5233692860811505,0.5161787365177196
1948,1,0,0.5236139630390144,0.5159137577002053
1949,1,1,0.5238583889173936,0.5161621344279117
1950,0,0,0.5235897435897436,0.5158974358974359
1951,1,1,0.5238339313172732,0.5161455663762173
1952,1,0,0.524077868852459,0.5158811475409836
1953,1,1,0.5243215565796211,0.5161290322580645
1954,0,1,0.5240532241555783,0.5163766632548619
1955,1,1,0.5242966751918159,0.5166240409207161
1956,0,1,0.5240286298568507,0.5168711656441718
1957,1,0,0.5242718446601942,0.5166070516096065
1958,0,0,0.5240040858018387,0.5163432073544433
1959,0,0,0.5237366003062787,0.5160796324655437
1960,0,0,0.523469387755102,0.5158163265306123
1961,0,0,0.5232024477307496,0.5155532891381948
1962,1,0,0.5234454638124363,0.5152905198776758
1963,0,0,0.5231788079470199,0.5150280183392766
1964,1,1,0.5234215885947047,0.515274949083503
1965,0,0,0.5231552162849873,0.5150127226463105
1966,1,0,0.5233977619532044,0.5147507629704985
1967,1,0,0.5236400610066091,0.514489069649212
1968,1,1,0.5238821138211383,0.5147357723577236
1969,0,0,0.5236160487557135,0.5144743524631793
1970,0,1,0.5233502538071066,0.5147208121827411
1971,0,0,0.5230847285641806,0.5144596651445966
1972,1,0,0.5233265720081136,0.5141987829614605
1973,0,1,0.5230613279270147,0.5144450076026356
1974,0,0,0.5227963525835866,0.5141843971631206
1975,0,0,0.5225316455696203,0.5139240506329114
1976,0,1,0.5222672064777328,0.5141700404858299
1977,1,0,0.52250885179565,0.5139099645928173
1978,0,0,0.5222446916076845,0.5136501516683518
1979,1,0,0.5224861040929762,0.5133906013137949
1980,0,1,0.5222222222222223,0.5136363636363637
1981,1,0,0.5224634023220596,0.5133770822816759
1982,1,1,0.5227043390514632,0.513622603430878
1983,1,1,0.5229450327786183,0.51386787695411
1984,1,0,0.5231854838709677,0.5136088709677419
1985,0,0,0.5229219143576826,0.5133501259445844
1986,0,0,0.5226586102719033,0.5130916414904331
1987,1,1,0.5228988424760946,0.5133366884750881
1988,0,1,0.522635814889336,0.5135814889336016
1989,0,0,0.5223730517848165,0.5133232780291603
1990,0,1,0.5221105527638191,0.5135678391959799
1991,0,1,0.521848317428428,0.5138121546961326
1992,0,0,0.5215863453815262,0.5135542168674698
1993,1,0,0.5218263923733065,0.5132965378825891
1994,1,1,0.5220661985957874,0.5135406218655968
1995,0,0,0.5218045112781955,0.5132832080200501
1996,0,0,0.5215430861723447,0.5130260521042084
1997,1,1,0.5217826740110165,0.513269904857286
1998,1,1,0.522022022022022,0.5135135135135135
1999,0,0,0.5217608804402201,0.5132566283141571
2000,0,1,0.5215,0.5135
