item_id,line,shift,is_defective
ITM_00001,Line_A,Ca_Sang,0
ITM_00002,Line_A,Ca_Chieu,0
ITM_00003,Line_B,Ca_Chieu,0
ITM_00004,Line_B,Ca_Sang,0
ITM_00005,Line_A,Ca_Chieu,1
ITM_00006,Line_A,Ca_Dem,0
ITM_00007,Line_C,Ca_Chieu,0
ITM_00008,Line_A,Ca_Sang,0
ITM_00009,Line_A,Ca_Sang,0
ITM_00010,Line_A,Ca_Chieu,0
ITM_00011,Line_A,Ca_Sang,0
ITM_00012,Line_B,Ca_Sang,0
ITM_00013,Line_C,Ca_Dem,0
ITM_00014,Line_B,Ca_Sang,0
ITM_00015,Line_A,Ca_Dem,0
ITM_00016,Line_C,Ca_Chieu,0
ITM_00017,Line_B,Ca_Sang,0
ITM_00018,Line_A,Ca_Dem,1
ITM_00019,Line_B,Ca_Dem,0
ITM_00020,Line_A,Ca_Sang,0
ITM_00021,Line_A,Ca_Sang,0
ITM_00022,Line_A,Ca_Chieu,1
ITM_00023,Line_C,Ca_Sang,0
ITM_00024,Line_A,Ca_Sang,0
ITM_00025,Line_B,Ca_Sang,0
ITM_00026,Line_C,Ca_Dem,0
ITM_00027,Line_A,Ca_Dem,0
ITM_00028,Line_B,Ca_Sang,0
ITM_00029,Line_A,Ca_Sang,0
ITM_00030,Line_C,Ca_Chieu,0
ITM_00031,Line_B,Ca_Chieu,0
ITM_00032,Line_C,Ca_Sang,0
ITM_00033,Line_A,Ca_Dem,0
ITM_00034,Line_A,Ca_Sang,0
ITM_00035,Line_B,Ca_Sang,0
ITM_00036,Line_C,Ca_Sang,0
ITM_00037,Line_A,Ca_Sang,0
ITM_00038,Line_C,Ca_Chieu,1
ITM_00039,Line_B,Ca_Sang,0
ITM_00040,Line_C,Ca_Dem,0
ITM_00041,Line_A,Ca_Chieu,0
ITM_00042,Line_A,Ca_Dem,0
ITM_00043,Line_A,Ca_Sang,1
ITM_00044,Line_C,Ca_Sang,0
ITM_00045,Line_C,Ca_Sang,0
ITM_00046,Line_B,Ca_Sang,0
ITM_00047,Line_B,Ca_Sang,0
ITM_00048,Line_A,Ca_Sang,0
ITM_00049,Line_B,Ca_Chieu,0
ITM_00050,Line_B,Ca_Sang,0
ITM_00051,Line_B,Ca_Chieu,0
ITM_00052,Line_A,Ca_Dem,0
ITM_00053,Line_A,Ca_Sang,0
ITM_00054,Line_B,Ca_Chieu,0
ITM_00055,Line_B,Ca_Sang,0
ITM_00056,Line_B,Ca_Chieu,0
ITM_00057,Line_B,Ca_Chieu,0
ITM_00058,Line_A,Ca_Sang,0
ITM_00059,Line_C,Ca_Sang,0
ITM_00060,Line_A,Ca_Chieu,0
ITM_00061,Line_A,Ca_Sang,0
ITM_00062,Line_B,Ca_Chieu,0
ITM_00063,Line_C,Ca_Dem,0
ITM_00064,Line_B,Ca_Dem,0
ITM_00065,Line_A,Ca_Chieu,0
ITM_00066,Line_B,Ca_Sang,0
ITM_00067,Line_A,Ca_Chieu,0
ITM_00068,Line_A,Ca_Sang,0
ITM_00069,Line_B,Ca_Chieu,0
ITM_00070,Line_A,Ca_Chieu,0
ITM_00071,Line_A,Ca_Sang,0
ITM_00072,Line_C,Ca_Chieu,0
ITM_00073,Line_A,Ca_Sang,0
ITM_00074,Line_A,Ca_Dem,0
ITM_00075,Line_B,Ca_Sang,0
ITM_00076,Line_B,Ca_Sang,0
ITM_00077,Line_A,Ca_Sang,0
ITM_00078,Line_A,Ca_Chieu,0
ITM_00079,Line_C,Ca_Chieu,0
ITM_00080,Line_A,Ca_Dem,0
ITM_00081,Line_B,Ca_Dem,0
ITM_00082,Line_B,Ca_Chieu,0
ITM_00083,Line_A,Ca_Dem,0
ITM_00084,Line_A,Ca_Dem,0
ITM_00085,Line_B,Ca_Sang,0
ITM_00086,Line_B,Ca_Chieu,0
ITM_00087,Line_B,Ca_Sang,0
ITM_00088,Line_A,Ca_Sang,0
ITM_00089,Line_A,Ca_Sang,0
ITM_00090,Line_A,Ca_Chieu,0
ITM_00091,Line_B,Ca_Chieu,0
ITM_00092,Line_A,Ca_Sang,0
ITM_00093,Line_A,Ca_Sang,0
ITM_00094,Line_A,Ca_Sang,0
ITM_00095,Line_B,Ca_Dem,0
ITM_00096,Line_B,Ca_Sang,0
ITM_00097,Line_C,Ca_Chieu,0
ITM_00098,Line_C,Ca_Sang,0
ITM_00099,Line_C,Ca_Chieu,1
ITM_00100,Line_A,Ca_Chieu,0
ITM_00101,Line_A,Ca_Chieu,0
ITM_00102,Line_A,Ca_Chieu,0
ITM_00103,Line_A,Ca_Sang,0
ITM_00104,Line_A,Ca_Chieu,0
ITM_00105,Line_C,Ca_Sang,0
ITM_00106,Line_B,Ca_Dem,0
ITM_00107,Line_B,Ca_Chieu,0
ITM_00108,Line_C,Ca_Sang,0
ITM_00109,Line_B,Ca_Dem,0
ITM_00110,Line_A,Ca_Sang,0
ITM_00111,Line_C,Ca_Sang,0
ITM_00112,Line_B,Ca_Sang,0
ITM_00113,Line_A,Ca_Chieu,1
ITM_00114,Line_C,Ca_Sang,1
ITM_00115,Line_B,Ca_Sang,0
ITM_00116,Line_A,Ca_Chieu,0
ITM_00117,Line_A,Ca_Chieu,0
ITM_00118,Line_B,Ca_Dem,0
ITM_00119,Line_C,Ca_Dem,0
ITM_00120,Line_B,Ca_Chieu,0
ITM_00121,Line_A,Ca_Sang,0
ITM_00122,Line_C,Ca_Sang,0
ITM_00123,Line_B,Ca_Chieu,0
ITM_00124,Line_C,Ca_Dem,0
ITM_00125,Line_C,Ca_Dem,0
ITM_00126,Line_C,Ca_Chieu,0
ITM_00127,Line_A,Ca_Chieu,0
ITM_00128,Line_B,Ca_Dem,0
ITM_00129,Line_A,Ca_Chieu,0
ITM_00130,Line_A,Ca_Chieu,0
ITM_00131,Line_A,Ca_Chieu,0
ITM_00132,Line_A,Ca_Chieu,0
ITM_00133,Line_A,Ca_Sang,0
ITM_00134,Line_A,Ca_Dem,0
ITM_00135,Line_B,Ca_Sang,0
ITM_00136,Line_B,Ca_Chieu,0
ITM_00137,Line_B,Ca_Sang,0
ITM_00138,Line_C,Ca_Dem,0
ITM_00139,Line_A,Ca_Chieu,0
ITM_00140,Line_A,Ca_Sang,0
ITM_00141,Line_A,Ca_Sang,0
ITM_00142,Line_C,Ca_Sang,0
ITM_00143,Line_A,Ca_Chieu,0
ITM_00144,Line_A,Ca_Sang,0
ITM_00145,Line_A,Ca_Chieu,0
ITM_00146,Line_B,Ca_Sang,0
ITM_00147,Line_B,Ca_Chieu,0
ITM_00148,Line_B,Ca_Chieu,0
ITM_00149,Line_B,Ca_Dem,0
ITM_00150,Line_A,Ca_Chieu,0
ITM_00151,Line_B,Ca_Dem,0
ITM_00152,Line_B,Ca_Sang,1
ITM_00153,Line_A,Ca_Sang,0
ITM_00154,Line_B,Ca_Sang,0
ITM_00155,Line_B,Ca_Dem,0
ITM_00156,Line_A,Ca_Chieu,0
ITM_00157,Line_A,Ca_Chieu,0
ITM_00158,Line_A,Ca_Sang,0
ITM_00159,Line_B,Ca_Sang,0
ITM_00160,Line_C,Ca_Chieu,0
ITM_00161,Line_A,Ca_Sang,0
ITM_00162,Line_C,Ca_Sang,0
ITM_00163,Line_A,Ca_Chieu,0
ITM_00164,Line_C,Ca_Chieu,0
ITM_00165,Line_B,Ca_Chieu,0
ITM_00166,Line_A,Ca_Chieu,0
ITM_00167,Line_C,Ca_Chieu,1
ITM_00168,Line_C,Ca_Sang,0
ITM_00169,Line_A,Ca_Dem,0
ITM_00170,Line_A,Ca_Dem,0
ITM_00171,Line_B,Ca_Chieu,0
ITM_00172,Line_A,Ca_Sang,0
ITM_00173,Line_A,Ca_Sang,0
ITM_00174,Line_B,Ca_Dem,0
ITM_00175,Line_A,Ca_Sang,0
ITM_00176,Line_B,Ca_Dem,0
ITM_00177,Line_A,Ca_Chieu,0
ITM_00178,Line_A,Ca_Sang,0
ITM_00179,Line_A,Ca_Sang,0
ITM_00180,Line_C,Ca_Chieu,0
ITM_00181,Line_A,Ca_Sang,0
ITM_00182,Line_A,Ca_Chieu,0
ITM_00183,Line_A,Ca_Dem,0
ITM_00184,Line_B,Ca_Chieu,0
ITM_00185,Line_A,Ca_Dem,0
ITM_00186,Line_A,Ca_Chieu,0
ITM_00187,Line_B,Ca_Chieu,0
ITM_00188,Line_B,Ca_Sang,0
ITM_00189,Line_A,Ca_Sang,0
ITM_00190,Line_B,Ca_Chieu,0
ITM_00191,Line_C,Ca_Chieu,0
ITM_00192,Line_A,Ca_Chieu,0
ITM_00193,Line_B,Ca_Sang,0
ITM_00194,Line_A,Ca_Chieu,0
ITM_00195,Line_C,Ca_Chieu,0
ITM_00196,Line_A,Ca_Chieu,0
ITM_00197,Line_A,Ca_Chieu,0
ITM_00198,Line_C,Ca_Chieu,0
ITM_00199,Line_A,Ca_Sang,0
ITM_00200,Line_B,Ca_Chieu,0
ITM_00201,Line_B,Ca_Chieu,0
ITM_00202,Line_B,Ca_Chieu,0
ITM_00203,Line_A,Ca_Dem,0
ITM_00204,Line_C,Ca_Dem,0
ITM_00205,Line_C,Ca_Chieu,0
ITM_00206,Line_B,Ca_Dem,0
ITM_00207,Line_A,Ca_Chieu,0
ITM_00208,Line_A,Ca_Sang,0
ITM_00209,Line_B,Ca_Sang,0
ITM_00210,Line_B,Ca_Dem,0
ITM_00211,Line_A,Ca_Sang,0
ITM_00212,Line_A,Ca_Sang,0
ITM_00213,Line_A,Ca_Dem,0
ITM_00214,Line_B,Ca_Dem,0
ITM_00215,Line_A,Ca_Chieu,0
ITM_00216,Line_B,Ca_Sang,0
ITM_00217,Line_A,Ca_Dem,1
ITM_00218,Line_A,Ca_Sang,0
ITM_00219,Line_A,Ca_Sang,0
ITM_00220,Line_C,Ca_Sang,0
ITM_00221,Line_A,Ca_Dem,0
ITM_00222,Line_B,Ca_Sang,0
ITM_00223,Line_B,Ca_Sang,0
ITM_00224,Line_A,Ca_Sang,0
ITM_00225,Line_A,Ca_Dem,0
ITM_00226,Line_A,Ca_Sang,0
ITM_00227,Line_A,Ca_Chieu,0
ITM_00228,Line_A,Ca_Chieu,0
ITM_00229,Line_B,Ca_Chieu,0
ITM_00230,Line_B,Ca_Chieu,0
ITM_00231,Line_B,Ca_Chieu,0
ITM_00232,Line_B,Ca_Sang,0
ITM_00233,Line_B,Ca_Sang,0
ITM_00234,Line_A,Ca_Sang,0
ITM_00235,Line_A,Ca_Sang,0
ITM_00236,Line_A,Ca_Chieu,0
ITM_00237,Line_A,Ca_Sang,0
ITM_00238,Line_B,Ca_Chieu,0
ITM_00239,Line_A,Ca_Dem,0
ITM_00240,Line_C,Ca_Chieu,1
ITM_00241,Line_B,Ca_Dem,0
ITM_00242,Line_A,Ca_Sang,0
ITM_00243,Line_A,Ca_Chieu,0
ITM_00244,Line_B,Ca_Sang,0
ITM_00245,Line_C,Ca_Sang,0
ITM_00246,Line_A,Ca_Sang,0
ITM_00247,Line_A,Ca_Sang,0
ITM_00248,Line_A,Ca_Dem,1
ITM_00249,Line_B,Ca_Sang,0
ITM_00250,Line_B,Ca_Chieu,0
ITM_00251,Line_A,Ca_Sang,0
ITM_00252,Line_A,Ca_Chieu,0
ITM_00253,Line_A,Ca_Dem,0
ITM_00254,Line_B,Ca_Chieu,0
ITM_00255,Line_B,Ca_Dem,0
ITM_00256,Line_A,Ca_Dem,0
ITM_00257,Line_A,Ca_Sang,0
ITM_00258,Line_C,Ca_Chieu,0
ITM_00259,Line_B,Ca_Chieu,0
ITM_00260,Line_A,Ca_Sang,0
ITM_00261,Line_A,Ca_Sang,0
ITM_00262,Line_A,Ca_Chieu,0
ITM_00263,Line_B,Ca_Chieu,0
ITM_00264,Line_B,Ca_Chieu,0
ITM_00265,Line_B,Ca_Dem,0
ITM_00266,Line_C,Ca_Chieu,0
ITM_00267,Line_A,Ca_Sang,0
ITM_00268,Line_C,Ca_Sang,0
ITM_00269,Line_A,Ca_Sang,0
ITM_00270,Line_A,Ca_Chieu,0
ITM_00271,Line_B,Ca_Sang,0
ITM_00272,Line_C,Ca_Sang,0
ITM_00273,Line_B,Ca_Dem,0
ITM_00274,Line_C,Ca_Sang,0
ITM_00275,Line_A,Ca_Dem,0
ITM_00276,Line_C,Ca_Sang,0
ITM_00277,Line_A,Ca_Sang,0
ITM_00278,Line_B,Ca_Dem,0
ITM_00279,Line_A,Ca_Dem,0
ITM_00280,Line_B,Ca_Dem,0
ITM_00281,Line_B,Ca_Chieu,0
ITM_00282,Line_B,Ca_Dem,0
ITM_00283,Line_A,Ca_Chieu,0
ITM_00284,Line_C,Ca_Chieu,0
ITM_00285,Line_B,Ca_Sang,0
ITM_00286,Line_B,Ca_Sang,0
ITM_00287,Line_A,Ca_Sang,0
ITM_00288,Line_A,Ca_Chieu,0
ITM_00289,Line_C,Ca_Sang,0
ITM_00290,Line_C,Ca_Dem,0
ITM_00291,Line_A,Ca_Sang,0
ITM_00292,Line_A,Ca_Sang,0
ITM_00293,Line_B,Ca_Sang,0
ITM_00294,Line_C,Ca_Chieu,0
ITM_00295,Line_B,Ca_Sang,0
ITM_00296,Line_A,Ca_Chieu,0
ITM_00297,Line_A,Ca_Dem,0
ITM_00298,Line_A,Ca_Chieu,0
ITM_00299,Line_A,Ca_Dem,1
ITM_00300,Line_A,Ca_Chieu,0
ITM_00301,Line_C,Ca_Sang,0
ITM_00302,Line_A,Ca_Chieu,0
ITM_00303,Line_B,Ca_Dem,0
ITM_00304,Line_A,Ca_Dem,0
ITM_00305,Line_B,Ca_Sang,0
ITM_00306,Line_A,Ca_Dem,0
ITM_00307,Line_A,Ca_Chieu,0
ITM_00308,Line_A,Ca_Sang,0
ITM_00309,Line_C,Ca_Dem,0
ITM_00310,Line_B,Ca_Dem,0
ITM_00311,Line_A,Ca_Sang,0
ITM_00312,Line_A,Ca_Sang,0
ITM_00313,Line_C,Ca_Sang,0
ITM_00314,Line_C,Ca_Sang,0
ITM_00315,Line_B,Ca_Dem,0
ITM_00316,Line_A,Ca_Dem,0
ITM_00317,Line_A,Ca_Chieu,0
ITM_00318,Line_B,Ca_Sang,0
ITM_00319,Line_A,Ca_Chieu,0
ITM_00320,Line_A,Ca_Chieu,0
ITM_00321,Line_C,Ca_Chieu,0
ITM_00322,Line_A,Ca_Sang,0
ITM_00323,Line_C,Ca_Chieu,0
ITM_00324,Line_A,Ca_Chieu,0
ITM_00325,Line_B,Ca_Sang,0
ITM_00326,Line_C,Ca_Sang,0
ITM_00327,Line_B,Ca_Sang,0
ITM_00328,Line_B,Ca_Sang,0
ITM_00329,Line_A,Ca_Sang,0
ITM_00330,Line_A,Ca_Sang,0
ITM_00331,Line_A,Ca_Sang,1
ITM_00332,Line_C,Ca_Dem,0
ITM_00333,Line_C,Ca_Chieu,0
ITM_00334,Line_A,Ca_Sang,0
ITM_00335,Line_A,Ca_Sang,0
ITM_00336,Line_B,Ca_Chieu,0
ITM_00337,Line_C,Ca_Chieu,0
ITM_00338,Line_B,Ca_Sang,0
ITM_00339,Line_A,Ca_Dem,0
ITM_00340,Line_A,Ca_Sang,0
ITM_00341,Line_A,Ca_Chieu,0
ITM_00342,Line_B,Ca_Sang,0
ITM_00343,Line_C,Ca_Sang,0
ITM_00344,Line_A,Ca_Chieu,0
ITM_00345,Line_A,Ca_Dem,0
ITM_00346,Line_B,Ca_Chieu,0
ITM_00347,Line_B,Ca_Dem,0
ITM_00348,Line_A,Ca_Sang,0
ITM_00349,Line_A,Ca_Chieu,0
ITM_00350,Line_B,Ca_Sang,0
ITM_00351,Line_A,Ca_Dem,0
ITM_00352,Line_A,Ca_Sang,0
ITM_00353,Line_B,Ca_Chieu,0
ITM_00354,Line_B,Ca_Chieu,0
ITM_00355,Line_A,Ca_Dem,0
ITM_00356,Line_C,Ca_Sang,0
ITM_00357,Line_A,Ca_Sang,0
ITM_00358,Line_C,Ca_Sang,0
ITM_00359,Line_A,Ca_Chieu,0
ITM_00360,Line_A,Ca_Chieu,0
ITM_00361,Line_C,Ca_Sang,0
ITM_00362,Line_A,Ca_Chieu,0
ITM_00363,Line_B,Ca_Sang,0
ITM_00364,Line_B,Ca_Chieu,0
ITM_00365,Line_B,Ca_Chieu,0
ITM_00366,Line_A,Ca_Dem,0
ITM_00367,Line_A,Ca_Chieu,0
ITM_00368,Line_A,Ca_Dem,0
ITM_00369,Line_A,Ca_Chieu,0
ITM_00370,Line_C,Ca_Sang,0
ITM_00371,Line_A,Ca_Dem,0
ITM_00372,Line_B,Ca_Chieu,0
ITM_00373,Line_B,Ca_Chieu,0
ITM_00374,Line_A,Ca_Sang,0
ITM_00375,Line_B,Ca_Sang,0
ITM_00376,Line_A,Ca_Chieu,0
ITM_00377,Line_B,Ca_Chieu,1
ITM_00378,Line_B,Ca_Chieu,0
ITM_00379,Line_B,Ca_Sang,0
ITM_00380,Line_C,Ca_Dem,0
ITM_00381,Line_B,Ca_Dem,0
ITM_00382,Line_C,Ca_Sang,0
ITM_00383,Line_A,Ca_Sang,0
ITM_00384,Line_C,Ca_Chieu,1
ITM_00385,Line_A,Ca_Sang,0
ITM_00386,Line_A,Ca_Dem,0
ITM_00387,Line_B,Ca_Dem,0
ITM_00388,Line_A,Ca_Dem,0
ITM_00389,Line_B,Ca_Dem,0
ITM_00390,Line_A,Ca_Sang,0
ITM_00391,Line_C,Ca_Sang,0
ITM_00392,Line_C,Ca_Chieu,0
ITM_00393,Line_C,Ca_Sang,0
ITM_00394,Line_C,Ca_Sang,0
ITM_00395,Line_C,Ca_Dem,0
ITM_00396,Line_A,Ca_Sang,0
ITM_00397,Line_C,Ca_Sang,0
ITM_00398,Line_A,Ca_Sang,0
ITM_00399,Line_C,Ca_Chieu,0
ITM_00400,Line_A,Ca_Sang,0
ITM_00401,Line_B,Ca_Dem,0
ITM_00402,Line_A,Ca_Dem,0
ITM_00403,Line_B,Ca_Sang,0
ITM_00404,Line_C,Ca_Dem,0
ITM_00405,Line_C,Ca_Sang,0
ITM_00406,Line_A,Ca_Chieu,0
ITM_00407,Line_A,Ca_Dem,0
ITM_00408,Line_B,Ca_Sang,0
ITM_00409,Line_C,Ca_Dem,0
ITM_00410,Line_B,Ca_Sang,0
ITM_00411,Line_C,Ca_Sang,0
ITM_00412,Line_C,Ca_Chieu,0
ITM_00413,Line_C,Ca_Chieu,0
ITM_00414,Line_B,Ca_Chieu,0
ITM_00415,Line_B,Ca_Chieu,0
ITM_00416,Line_C,Ca_Chieu,1
ITM_00417,Line_C,Ca_Sang,0
ITM_00418,Line_A,Ca_Sang,0
ITM_00419,Line_A,Ca_Chieu,0
ITM_00420,Line_B,Ca_Sang,1
ITM_00421,Line_B,Ca_Sang,0
ITM_00422,Line_A,Ca_Dem,0
ITM_00423,Line_B,Ca_Chieu,0
ITM_00424,Line_B,Ca_Sang,0
ITM_00425,Line_C,Ca_Dem,1
ITM_00426,Line_A,Ca_Sang,0
ITM_00427,Line_B,Ca_Dem,0
ITM_00428,Line_A,Ca_Dem,0
ITM_00429,Line_A,Ca_Chieu,0
ITM_00430,Line_A,Ca_Dem,0
ITM_00431,Line_B,Ca_Chieu,0
ITM_00432,Line_A,Ca_Sang,0
ITM_00433,Line_C,Ca_Chieu,0
ITM_00434,Line_B,Ca_Dem,0
ITM_00435,Line_B,Ca_Dem,0
ITM_00436,Line_A,Ca_Chieu,0
ITM_00437,Line_B,Ca_Chieu,0
ITM_00438,Line_B,Ca_Chieu,0
ITM_00439,Line_C,Ca_Chieu,0
ITM_00440,Line_A,Ca_Dem,0
ITM_00441,Line_B,Ca_Chieu,0
ITM_00442,Line_B,Ca_Chieu,0
ITM_00443,Line_A,Ca_Sang,0
ITM_00444,Line_A,Ca_Chieu,0
ITM_00445,Line_B,Ca_Sang,0
ITM_00446,Line_B,Ca_Sang,0
ITM_00447,Line_A,Ca_Sang,0
ITM_00448,Line_A,Ca_Sang,0
ITM_00449,Line_C,Ca_Sang,0
ITM_00450,Line_B,Ca_Chieu,0
ITM_00451,Line_A,Ca_Dem,0
ITM_00452,Line_C,Ca_Dem,0
ITM_00453,Line_A,Ca_Dem,0
ITM_00454,Line_C,Ca_Sang,0
ITM_00455,Line_C,Ca_Sang,0
ITM_00456,Line_A,Ca_Chieu,0
ITM_00457,Line_A,Ca_Chieu,0
ITM_00458,Line_C,Ca_Sang,0
ITM_00459,Line_C,Ca_Sang,0
ITM_00460,Line_A,Ca_Chieu,0
ITM_00461,Line_A,Ca_Dem,0
ITM_00462,Line_B,Ca_Chieu,0
ITM_00463,Line_A,Ca_Chieu,0
ITM_00464,Line_B,Ca_Sang,0
ITM_00465,Line_C,Ca_Chieu,0
ITM_00466,Line_B,Ca_Chieu,0
ITM_00467,Line_C,Ca_Chieu,1
ITM_00468,Line_B,Ca_Dem,0
ITM_00469,Line_A,Ca_Sang,0
ITM_00470,Line_C,Ca_Sang,0
ITM_00471,Line_B,Ca_Sang,0
ITM_00472,Line_A,Ca_Sang,0
ITM_00473,Line_B,Ca_Chieu,0
ITM_00474,Line_B,Ca_Dem,0
ITM_00475,Line_A,Ca_Chieu,0
ITM_00476,Line_A,Ca_Sang,0
ITM_00477,Line_B,Ca_Chieu,0
ITM_00478,Line_C,Ca_Chieu,0
ITM_00479,Line_A,Ca_Chieu,0
ITM_00480,Line_C,Ca_Chieu,0
ITM_00481,Line_A,Ca_Chieu,0
ITM_00482,Line_B,Ca_Chieu,1
ITM_00483,Line_B,Ca_Sang,0
ITM_00484,Line_A,Ca_Chieu,0
ITM_00485,Line_B,Ca_Chieu,0
ITM_00486,Line_B,Ca_Sang,0
ITM_00487,Line_A,Ca_Sang,0
ITM_00488,Line_A,Ca_Chieu,0
ITM_00489,Line_A,Ca_Sang,0
ITM_00490,Line_A,Ca_Chieu,0
ITM_00491,Line_B,Ca_Chieu,0
ITM_00492,Line_B,Ca_Sang,0
ITM_00493,Line_A,Ca_Dem,0
ITM_00494,Line_A,Ca_Dem,0
ITM_00495,Line_A,Ca_Chieu,0
ITM_00496,Line_B,Ca_Dem,0
ITM_00497,Line_B,Ca_Sang,0
ITM_00498,Line_A,Ca_Chieu,0
ITM_00499,Line_A,Ca_Dem,0
ITM_00500,Line_C,Ca_Chieu,0
ITM_00501,Line_A,Ca_Sang,0
ITM_00502,Line_A,Ca_Sang,0
ITM_00503,Line_C,Ca_Chieu,0
ITM_00504,Line_C,Ca_Chieu,0
ITM_00505,Line_A,Ca_Sang,0
ITM_00506,Line_A,Ca_Sang,0
ITM_00507,Line_B,Ca_Sang,0
ITM_00508,Line_C,Ca_Sang,1
ITM_00509,Line_A,Ca_Sang,0
ITM_00510,Line_A,Ca_Dem,0
ITM_00511,Line_C,Ca_Chieu,0
ITM_00512,Line_B,Ca_Dem,0
ITM_00513,Line_B,Ca_Chieu,0
ITM_00514,Line_A,Ca_Sang,0
ITM_00515,Line_A,Ca_Chieu,0
ITM_00516,Line_A,Ca_Chieu,0
ITM_00517,Line_C,Ca_Chieu,0
ITM_00518,Line_A,Ca_Dem,0
ITM_00519,Line_A,Ca_Dem,0
ITM_00520,Line_C,Ca_Sang,0
ITM_00521,Line_A,Ca_Chieu,0
ITM_00522,Line_C,Ca_Sang,0
ITM_00523,Line_A,Ca_Dem,0
ITM_00524,Line_C,Ca_Sang,0
ITM_00525,Line_B,Ca_Sang,0
ITM_00526,Line_C,Ca_Chieu,0
ITM_00527,Line_B,Ca_Dem,0
ITM_00528,Line_A,Ca_Dem,0
ITM_00529,Line_A,Ca_Chieu,0
ITM_00530,Line_A,Ca_Chieu,0
ITM_00531,Line_B,Ca_Chieu,0
ITM_00532,Line_B,Ca_Sang,0
ITM_00533,Line_A,Ca_Sang,0
ITM_00534,Line_A,Ca_Sang,0
ITM_00535,Line_B,Ca_Sang,0
ITM_00536,Line_B,Ca_Chieu,0
ITM_00537,Line_A,Ca_Chieu,0
ITM_00538,Line_C,Ca_Chieu,0
ITM_00539,Line_A,Ca_Dem,1
ITM_00540,Line_A,Ca_Chieu,0
ITM_00541,Line_A,Ca_Chieu,0
ITM_00542,Line_B,Ca_Sang,0
ITM_00543,Line_B,Ca_Chieu,0
ITM_00544,Line_A,Ca_Dem,0
ITM_00545,Line_A,Ca_Dem,0
ITM_00546,Line_A,Ca_Chieu,0
ITM_00547,Line_A,Ca_Chieu,0
ITM_00548,Line_B,Ca_Chieu,0
ITM_00549,Line_A,Ca_Dem,0
ITM_00550,Line_A,Ca_Dem,0
ITM_00551,Line_B,Ca_Dem,0
ITM_00552,Line_B,Ca_Chieu,0
ITM_00553,Line_A,Ca_Chieu,0
ITM_00554,Line_A,Ca_Sang,0
ITM_00555,Line_C,Ca_Chieu,0
ITM_00556,Line_A,Ca_Sang,0
ITM_00557,Line_A,Ca_Sang,0
ITM_00558,Line_A,Ca_Sang,0
ITM_00559,Line_A,Ca_Chieu,0
ITM_00560,Line_B,Ca_Dem,0
ITM_00561,Line_C,Ca_Chieu,0
ITM_00562,Line_A,Ca_Sang,0
ITM_00563,Line_B,Ca_Dem,0
ITM_00564,Line_B,Ca_Sang,0
ITM_00565,Line_A,Ca_Chieu,0
ITM_00566,Line_B,Ca_Chieu,0
ITM_00567,Line_A,Ca_Chieu,0
ITM_00568,Line_B,Ca_Dem,1
ITM_00569,Line_A,Ca_Chieu,0
ITM_00570,Line_B,Ca_Sang,0
ITM_00571,Line_C,Ca_Chieu,0
ITM_00572,Line_B,Ca_Sang,0
ITM_00573,Line_B,Ca_Sang,0
ITM_00574,Line_C,Ca_Chieu,0
ITM_00575,Line_A,Ca_Chieu,0
ITM_00576,Line_C,Ca_Dem,0
ITM_00577,Line_B,Ca_Chieu,0
ITM_00578,Line_A,Ca_Sang,0
ITM_00579,Line_B,Ca_Dem,0
ITM_00580,Line_A,Ca_Dem,0
ITM_00581,Line_B,Ca_Sang,0
ITM_00582,Line_A,Ca_Sang,0
ITM_00583,Line_A,Ca_Chieu,0
ITM_00584,Line_C,Ca_Sang,0
ITM_00585,Line_A,Ca_Chieu,0
ITM_00586,Line_B,Ca_Sang,0
ITM_00587,Line_A,Ca_Sang,0
ITM_00588,Line_A,Ca_Chieu,0
ITM_00589,Line_A,Ca_Sang,0
ITM_00590,Line_A,Ca_Dem,0
ITM_00591,Line_C,Ca_Sang,0
ITM_00592,Line_A,Ca_Chieu,0
ITM_00593,Line_A,Ca_Sang,0
ITM_00594,Line_A,Ca_Chieu,0
ITM_00595,Line_A,Ca_Sang,0
ITM_00596,Line_B,Ca_Sang,0
ITM_00597,Line_C,Ca_Chieu,0
ITM_00598,Line_C,Ca_Dem,0
ITM_00599,Line_A,Ca_Dem,0
ITM_00600,Line_B,Ca_Sang,0
ITM_00601,Line_A,Ca_Dem,0
ITM_00602,Line_A,Ca_Dem,0
ITM_00603,Line_B,Ca_Dem,0
ITM_00604,Line_A,Ca_Dem,0
ITM_00605,Line_C,Ca_Sang,0
ITM_00606,Line_B,Ca_Chieu,0
ITM_00607,Line_B,Ca_Sang,0
ITM_00608,Line_A,Ca_Sang,0
ITM_00609,Line_C,Ca_Dem,0
ITM_00610,Line_B,Ca_Sang,0
ITM_00611,Line_B,Ca_Sang,0
ITM_00612,Line_B,Ca_Dem,0
ITM_00613,Line_B,Ca_Chieu,0
ITM_00614,Line_A,Ca_Sang,0
ITM_00615,Line_A,Ca_Chieu,0
ITM_00616,Line_B,Ca_Sang,0
ITM_00617,Line_A,Ca_Chieu,0
ITM_00618,Line_A,Ca_Sang,0
ITM_00619,Line_A,Ca_Sang,0
ITM_00620,Line_C,Ca_Chieu,0
ITM_00621,Line_A,Ca_Sang,0
ITM_00622,Line_A,Ca_Chieu,0
ITM_00623,Line_B,Ca_Sang,1
ITM_00624,Line_A,Ca_Chieu,0
ITM_00625,Line_A,Ca_Chieu,0
ITM_00626,Line_A,Ca_Chieu,0
ITM_00627,Line_A,Ca_Sang,0
ITM_00628,Line_B,Ca_Chieu,0
ITM_00629,Line_C,Ca_Chieu,0
ITM_00630,Line_A,Ca_Sang,0
ITM_00631,Line_C,Ca_Sang,0
ITM_00632,Line_A,Ca_Dem,0
ITM_00633,Line_A,Ca_Sang,0
ITM_00634,Line_A,Ca_Chieu,0
ITM_00635,Line_A,Ca_Chieu,0
ITM_00636,Line_B,Ca_Sang,0
ITM_00637,Line_C,Ca_Dem,0
ITM_00638,Line_A,Ca_Sang,0
ITM_00639,Line_B,Ca_Dem,0
ITM_00640,Line_B,Ca_Dem,0
ITM_00641,Line_B,Ca_Dem,0
ITM_00642,Line_C,Ca_Chieu,0
ITM_00643,Line_B,Ca_Chieu,0
ITM_00644,Line_B,Ca_Chieu,0
ITM_00645,Line_A,Ca_Dem,0
ITM_00646,Line_B,Ca_Chieu,1
ITM_00647,Line_B,Ca_Sang,0
ITM_00648,Line_C,Ca_Chieu,0
ITM_00649,Line_A,Ca_Dem,0
ITM_00650,Line_A,Ca_Chieu,0
ITM_00651,Line_A,Ca_Chieu,0
ITM_00652,Line_C,Ca_Chieu,0
ITM_00653,Line_B,Ca_Dem,0
ITM_00654,Line_A,Ca_Sang,0
ITM_00655,Line_A,Ca_Sang,0
ITM_00656,Line_C,Ca_Sang,0
ITM_00657,Line_A,Ca_Sang,0
ITM_00658,Line_A,Ca_Chieu,0
ITM_00659,Line_B,Ca_Chieu,0
ITM_00660,Line_B,Ca_Sang,0
ITM_00661,Line_B,Ca_Chieu,0
ITM_00662,Line_A,Ca_Chieu,0
ITM_00663,Line_B,Ca_Dem,0
ITM_00664,Line_A,Ca_Chieu,0
ITM_00665,Line_A,Ca_Chieu,0
ITM_00666,Line_A,Ca_Chieu,0
ITM_00667,Line_B,Ca_Sang,1
ITM_00668,Line_B,Ca_Sang,0
ITM_00669,Line_A,Ca_Sang,0
ITM_00670,Line_A,Ca_Dem,0
ITM_00671,Line_B,Ca_Chieu,1
ITM_00672,Line_C,Ca_Chieu,0
ITM_00673,Line_C,Ca_Chieu,0
ITM_00674,Line_A,Ca_Dem,0
ITM_00675,Line_A,Ca_Dem,1
ITM_00676,Line_B,Ca_Dem,0
ITM_00677,Line_A,Ca_Sang,0
ITM_00678,Line_A,Ca_Sang,0
ITM_00679,Line_B,Ca_Chieu,0
ITM_00680,Line_B,Ca_Chieu,0
ITM_00681,Line_A,Ca_Sang,0
ITM_00682,Line_A,Ca_Dem,0
ITM_00683,Line_A,Ca_Dem,0
ITM_00684,Line_B,Ca_Dem,0
ITM_00685,Line_B,Ca_Chieu,0
ITM_00686,Line_C,Ca_Dem,0
ITM_00687,Line_C,Ca_Sang,0
ITM_00688,Line_C,Ca_Sang,0
ITM_00689,Line_A,Ca_Chieu,0
ITM_00690,Line_B,Ca_Sang,0
ITM_00691,Line_B,Ca_Sang,0
ITM_00692,Line_A,Ca_Chieu,0
ITM_00693,Line_A,Ca_Chieu,0
ITM_00694,Line_B,Ca_Sang,0
ITM_00695,Line_C,Ca_Sang,0
ITM_00696,Line_B,Ca_Sang,0
ITM_00697,Line_C,Ca_Dem,0
ITM_00698,Line_A,Ca_Chieu,0
ITM_00699,Line_A,Ca_Chieu,0
ITM_00700,Line_A,Ca_Dem,0
ITM_00701,Line_A,Ca_Dem,0
ITM_00702,Line_B,Ca_Dem,0
ITM_00703,Line_A,Ca_Sang,0
ITM_00704,Line_C,Ca_Chieu,0
ITM_00705,Line_A,Ca_Chieu,0
ITM_00706,Line_A,Ca_Chieu,0
ITM_00707,Line_B,Ca_Chieu,0
ITM_00708,Line_A,Ca_Dem,0
ITM_00709,Line_A,Ca_Sang,0
ITM_00710,Line_B,Ca_Chieu,0
ITM_00711,Line_A,Ca_Dem,0
ITM_00712,Line_A,Ca_Sang,0
ITM_00713,Line_C,Ca_Dem,0
ITM_00714,Line_A,Ca_Dem,0
ITM_00715,Line_B,Ca_Sang,1
ITM_00716,Line_A,Ca_Sang,0
ITM_00717,Line_A,Ca_Chieu,0
ITM_00718,Line_A,Ca_Dem,0
ITM_00719,Line_A,Ca_Sang,0
ITM_00720,Line_C,Ca_Sang,0
ITM_00721,Line_A,Ca_Sang,0
ITM_00722,Line_C,Ca_Sang,0
ITM_00723,Line_B,Ca_Sang,0
ITM_00724,Line_A,Ca_Chieu,0
ITM_00725,Line_A,Ca_Chieu,0
ITM_00726,Line_B,Ca_Sang,1
ITM_00727,Line_A,Ca_Sang,0
ITM_00728,Line_B,Ca_Dem,0
ITM_00729,Line_B,Ca_Chieu,0
ITM_00730,Line_C,Ca_Dem,0
ITM_00731,Line_B,Ca_Chieu,0
ITM_00732,Line_B,Ca_Chieu,0
ITM_00733,Line_A,Ca_Dem,0
ITM_00734,Line_A,Ca_Chieu,0
ITM_00735,Line_A,Ca_Sang,0
ITM_00736,Line_A,Ca_Sang,0
ITM_00737,Line_B,Ca_Sang,0
ITM_00738,Line_B,Ca_Dem,0
ITM_00739,Line_A,Ca_Sang,0
ITM_00740,Line_A,Ca_Chieu,0
ITM_00741,Line_B,Ca_Dem,0
ITM_00742,Line_A,Ca_Sang,0
ITM_00743,Line_A,Ca_Sang,0
ITM_00744,Line_A,Ca_Sang,0
ITM_00745,Line_B,Ca_Dem,0
ITM_00746,Line_A,Ca_Sang,0
ITM_00747,Line_A,Ca_Chieu,0
ITM_00748,Line_B,Ca_Chieu,0
ITM_00749,Line_B,Ca_Chieu,0
ITM_00750,Line_B,Ca_Sang,0
ITM_00751,Line_C,Ca_Dem,1
ITM_00752,Line_C,Ca_Chieu,0
ITM_00753,Line_A,Ca_Chieu,0
ITM_00754,Line_A,Ca_Dem,0
ITM_00755,Line_B,Ca_Dem,0
ITM_00756,Line_B,Ca_Sang,0
ITM_00757,Line_C,Ca_Sang,0
ITM_00758,Line_B,Ca_Chieu,0
ITM_00759,Line_A,Ca_Sang,0
ITM_00760,Line_A,Ca_Chieu,0
ITM_00761,Line_B,Ca_Sang,0
ITM_00762,Line_A,Ca_Sang,0
ITM_00763,Line_C,Ca_Sang,0
ITM_00764,Line_A,Ca_Dem,0
ITM_00765,Line_C,Ca_Dem,0
ITM_00766,Line_A,Ca_Chieu,0
ITM_00767,Line_C,Ca_Chieu,0
ITM_00768,Line_C,Ca_Chieu,0
ITM_00769,Line_A,Ca_Sang,0
ITM_00770,Line_A,Ca_Dem,0
ITM_00771,Line_A,Ca_Chieu,0
ITM_00772,Line_C,Ca_Chieu,0
ITM_00773,Line_B,Ca_Chieu,0
ITM_00774,Line_B,Ca_Chieu,0
ITM_00775,Line_B,Ca_Chieu,0
ITM_00776,Line_B,Ca_Sang,0
ITM_00777,Line_A,Ca_Sang,0
ITM_00778,Line_B,Ca_Sang,0
ITM_00779,Line_C,Ca_Chieu,0
ITM_00780,Line_A,Ca_Dem,0
ITM_00781,Line_B,Ca_Sang,0
ITM_00782,Line_B,Ca_Sang,0
ITM_00783,Line_A,Ca_Dem,0
ITM_00784,Line_B,Ca_Dem,0
ITM_00785,Line_A,Ca_Chieu,0
ITM_00786,Line_A,Ca_Chieu,0
ITM_00787,Line_C,Ca_Sang,0
ITM_00788,Line_A,Ca_Chieu,0
ITM_00789,Line_A,Ca_Dem,0
ITM_00790,Line_B,Ca_Chieu,0
ITM_00791,Line_A,Ca_Dem,0
ITM_00792,Line_A,Ca_Sang,0
ITM_00793,Line_A,Ca_Dem,0
ITM_00794,Line_A,Ca_Dem,0
ITM_00795,Line_C,Ca_Chieu,0
ITM_00796,Line_C,Ca_Chieu,1
ITM_00797,Line_B,Ca_Sang,0
ITM_00798,Line_A,Ca_Sang,0
ITM_00799,Line_B,Ca_Dem,0
ITM_00800,Line_A,Ca_Chieu,0
ITM_00801,Line_A,Ca_Dem,0
ITM_00802,Line_A,Ca_Dem,0
ITM_00803,Line_B,Ca_Dem,1
ITM_00804,Line_C,Ca_Chieu,0
ITM_00805,Line_B,Ca_Chieu,0
ITM_00806,Line_C,Ca_Chieu,0
ITM_00807,Line_C,Ca_Chieu,0
ITM_00808,Line_A,Ca_Sang,0
ITM_00809,Line_C,Ca_Chieu,0
ITM_00810,Line_A,Ca_Chieu,0
ITM_00811,Line_A,Ca_Sang,0
ITM_00812,Line_B,Ca_Chieu,0
ITM_00813,Line_B,Ca_Sang,0
ITM_00814,Line_B,Ca_Dem,0
ITM_00815,Line_B,Ca_Chieu,0
ITM_00816,Line_A,Ca_Dem,0
ITM_00817,Line_B,Ca_Dem,0
ITM_00818,Line_A,Ca_Sang,0
ITM_00819,Line_A,Ca_Chieu,0
ITM_00820,Line_C,Ca_Sang,0
ITM_00821,Line_A,Ca_Dem,0
ITM_00822,Line_A,Ca_Sang,0
ITM_00823,Line_A,Ca_Chieu,0
ITM_00824,Line_C,Ca_Sang,0
ITM_00825,Line_B,Ca_Chieu,0
ITM_00826,Line_A,Ca_Dem,0
ITM_00827,Line_A,Ca_Dem,0
ITM_00828,Line_B,Ca_Sang,0
ITM_00829,Line_C,Ca_Chieu,0
ITM_00830,Line_A,Ca_Dem,0
ITM_00831,Line_A,Ca_Sang,0
ITM_00832,Line_B,Ca_Chieu,0
ITM_00833,Line_A,Ca_Sang,0
ITM_00834,Line_B,Ca_Sang,0
ITM_00835,Line_C,Ca_Chieu,0
ITM_00836,Line_C,Ca_Chieu,0
ITM_00837,Line_A,Ca_Chieu,0
ITM_00838,Line_A,Ca_Dem,0
ITM_00839,Line_A,Ca_Chieu,0
ITM_00840,Line_C,Ca_Dem,0
ITM_00841,Line_A,Ca_Sang,0
ITM_00842,Line_C,Ca_Sang,0
ITM_00843,Line_C,Ca_Dem,0
ITM_00844,Line_A,Ca_Dem,0
ITM_00845,Line_B,Ca_Dem,0
ITM_00846,Line_B,Ca_Dem,0
ITM_00847,Line_A,Ca_Dem,0
ITM_00848,Line_C,Ca_Sang,0
ITM_00849,Line_B,Ca_Sang,0
ITM_00850,Line_C,Ca_Sang,0
ITM_00851,Line_B,Ca_Chieu,0
ITM_00852,Line_A,Ca_Sang,0
ITM_00853,Line_A,Ca_Sang,0
ITM_00854,Line_C,Ca_Sang,0
ITM_00855,Line_C,Ca_Sang,0
ITM_00856,Line_A,Ca_Chieu,0
ITM_00857,Line_A,Ca_Chieu,0
ITM_00858,Line_B,Ca_Chieu,0
ITM_00859,Line_A,Ca_Chieu,0
ITM_00860,Line_B,Ca_Chieu,0
ITM_00861,Line_C,Ca_Chieu,0
ITM_00862,Line_A,Ca_Chieu,0
ITM_00863,Line_B,Ca_Sang,0
ITM_00864,Line_A,Ca_Sang,0
ITM_00865,Line_B,Ca_Sang,0
ITM_00866,Line_C,Ca_Dem,0
ITM_00867,Line_A,Ca_Sang,0
ITM_00868,Line_B,Ca_Sang,0
ITM_00869,Line_A,Ca_Chieu,0
ITM_00870,Line_A,Ca_Dem,0
ITM_00871,Line_B,Ca_Dem,0
ITM_00872,Line_B,Ca_Dem,0
ITM_00873,Line_A,Ca_Chieu,0
ITM_00874,Line_C,Ca_Sang,1
ITM_00875,Line_B,Ca_Dem,0
ITM_00876,Line_B,Ca_Chieu,1
ITM_00877,Line_C,Ca_Sang,0
ITM_00878,Line_A,Ca_Chieu,0
ITM_00879,Line_A,Ca_Dem,0
ITM_00880,Line_A,Ca_Chieu,0
ITM_00881,Line_A,Ca_Sang,0
ITM_00882,Line_A,Ca_Dem,0
ITM_00883,Line_B,Ca_Dem,0
ITM_00884,Line_C,Ca_Dem,0
ITM_00885,Line_B,Ca_Sang,0
ITM_00886,Line_B,Ca_Dem,0
ITM_00887,Line_C,Ca_Dem,0
ITM_00888,Line_A,Ca_Dem,0
ITM_00889,Line_B,Ca_Chieu,0
ITM_00890,Line_C,Ca_Dem,0
ITM_00891,Line_A,Ca_Dem,0
ITM_00892,Line_A,Ca_Sang,0
ITM_00893,Line_A,Ca_Dem,0
ITM_00894,Line_B,Ca_Dem,0
ITM_00895,Line_B,Ca_Chieu,0
ITM_00896,Line_A,Ca_Chieu,0
ITM_00897,Line_A,Ca_Chieu,0
ITM_00898,Line_A,Ca_Dem,0
ITM_00899,Line_A,Ca_Chieu,0
ITM_00900,Line_A,Ca_Sang,0
ITM_00901,Line_C,Ca_Sang,0
ITM_00902,Line_B,Ca_Chieu,0
ITM_00903,Line_A,Ca_Sang,0
ITM_00904,Line_C,Ca_Chieu,0
ITM_00905,Line_A,Ca_Sang,0
ITM_00906,Line_A,Ca_Dem,0
ITM_00907,Line_B,Ca_Chieu,0
ITM_00908,Line_B,Ca_Sang,0
ITM_00909,Line_A,Ca_Dem,0
ITM_00910,Line_B,Ca_Sang,0
ITM_00911,Line_B,Ca_Chieu,0
ITM_00912,Line_A,Ca_Chieu,0
ITM_00913,Line_C,Ca_Dem,0
ITM_00914,Line_A,Ca_Sang,0
ITM_00915,Line_A,Ca_Sang,0
ITM_00916,Line_A,Ca_Dem,0
ITM_00917,Line_A,Ca_Sang,0
ITM_00918,Line_C,Ca_Chieu,0
ITM_00919,Line_A,Ca_Chieu,0
ITM_00920,Line_A,Ca_Sang,0
ITM_00921,Line_C,Ca_Chieu,0
ITM_00922,Line_A,Ca_Chieu,0
ITM_00923,Line_C,Ca_Dem,0
ITM_00924,Line_A,Ca_Chieu,0
ITM_00925,Line_A,Ca_Dem,0
ITM_00926,Line_B,Ca_Dem,0
ITM_00927,Line_A,Ca_Sang,0
ITM_00928,Line_A,Ca_Chieu,0
ITM_00929,Line_A,Ca_Sang,0
ITM_00930,Line_A,Ca_Sang,0
ITM_00931,Line_C,Ca_Sang,0
ITM_00932,Line_A,Ca_Sang,0
ITM_00933,Line_A,Ca_Dem,0
ITM_00934,Line_B,Ca_Sang,0
ITM_00935,Line_A,Ca_Sang,0
ITM_00936,Line_B,Ca_Chieu,0
ITM_00937,Line_A,Ca_Chieu,0
ITM_00938,Line_A,Ca_Sang,0
ITM_00939,Line_A,Ca_Sang,0
ITM_00940,Line_C,Ca_Sang,0
ITM_00941,Line_B,Ca_Chieu,0
ITM_00942,Line_A,Ca_Sang,0
ITM_00943,Line_B,Ca_Dem,0
ITM_00944,Line_B,Ca_Chieu,0
ITM_00945,Line_B,Ca_Sang,0
ITM_00946,Line_A,Ca_Chieu,0
ITM_00947,Line_C,Ca_Sang,0
ITM_00948,Line_A,Ca_Dem,0
ITM_00949,Line_A,Ca_Sang,0
ITM_00950,Line_C,Ca_Chieu,0
ITM_00951,Line_A,Ca_Chieu,0
ITM_00952,Line_A,Ca_Dem,0
ITM_00953,Line_A,Ca_Sang,0
ITM_00954,Line_C,Ca_Sang,0
ITM_00955,Line_C,Ca_Dem,0
ITM_00956,Line_C,Ca_Chieu,0
ITM_00957,Line_B,Ca_Dem,0
ITM_00958,Line_C,Ca_Sang,0
ITM_00959,Line_A,Ca_Dem,0
ITM_00960,Line_B,Ca_Sang,0
ITM_00961,Line_A,Ca_Sang,0
ITM_00962,Line_A,Ca_Chieu,1
ITM_00963,Line_C,Ca_Chieu,0
ITM_00964,Line_A,Ca_Chieu,0
ITM_00965,Line_A,Ca_Chieu,0
ITM_00966,Line_A,Ca_Chieu,0
ITM_00967,Line_A,Ca_Sang,0
ITM_00968,Line_A,Ca_Chieu,0
ITM_00969,Line_B,Ca_Sang,0
ITM_00970,Line_A,Ca_Chieu,0
ITM_00971,Line_A,Ca_Sang,0
ITM_00972,Line_B,Ca_Chieu,0
ITM_00973,Line_A,Ca_Dem,0
ITM_00974,Line_A,Ca_Chieu,1
ITM_00975,Line_A,Ca_Sang,0
ITM_00976,Line_A,Ca_Sang,0
ITM_00977,Line_A,Ca_Dem,0
ITM_00978,Line_A,Ca_Sang,0
ITM_00979,Line_C,Ca_Chieu,0
ITM_00980,Line_C,Ca_Dem,0
ITM_00981,Line_A,Ca_Sang,0
ITM_00982,Line_C,Ca_Dem,0
ITM_00983,Line_B,Ca_Chieu,0
ITM_00984,Line_A,Ca_Chieu,0
ITM_00985,Line_A,Ca_Chieu,0
ITM_00986,Line_A,Ca_Sang,1
ITM_00987,Line_A,Ca_Sang,0
ITM_00988,Line_A,Ca_Sang,0
ITM_00989,Line_B,Ca_Chieu,0
ITM_00990,Line_B,Ca_Sang,0
ITM_00991,Line_A,Ca_Dem,0
ITM_00992,Line_A,Ca_Sang,0
ITM_00993,Line_A,Ca_Chieu,0
ITM_00994,Line_A,Ca_Chieu,0
ITM_00995,Line_C,Ca_Sang,0
ITM_00996,Line_C,Ca_Dem,0
ITM_00997,Line_C,Ca_Dem,0
ITM_00998,Line_B,Ca_Dem,0
ITM_00999,Line_A,Ca_Dem,0
ITM_01000,Line_C,Ca_Chieu,0
ITM_01001,Line_B,Ca_Chieu,0
ITM_01002,Line_A,Ca_Chieu,0
ITM_01003,Line_A,Ca_Chieu,0
ITM_01004,Line_A,Ca_Sang,0
ITM_01005,Line_C,Ca_Chieu,0
ITM_01006,Line_C,Ca_Dem,0
ITM_01007,Line_A,Ca_Sang,0
ITM_01008,Line_B,Ca_Sang,0
ITM_01009,Line_A,Ca_Sang,0
ITM_01010,Line_C,Ca_Dem,0
ITM_01011,Line_B,Ca_Sang,0
ITM_01012,Line_A,Ca_Sang,0
ITM_01013,Line_A,Ca_Sang,0
ITM_01014,Line_A,Ca_Chieu,0
ITM_01015,Line_A,Ca_Chieu,0
ITM_01016,Line_C,Ca_Chieu,0
ITM_01017,Line_A,Ca_Dem,0
ITM_01018,Line_A,Ca_Dem,0
ITM_01019,Line_B,Ca_Dem,0
ITM_01020,Line_A,Ca_Chieu,0
ITM_01021,Line_A,Ca_Dem,0
ITM_01022,Line_A,Ca_Sang,0
ITM_01023,Line_A,Ca_Chieu,0
ITM_01024,Line_B,Ca_Chieu,0
ITM_01025,Line_C,Ca_Chieu,0
ITM_01026,Line_C,Ca_Chieu,0
ITM_01027,Line_A,Ca_Chieu,0
ITM_01028,Line_C,Ca_Sang,0
ITM_01029,Line_B,Ca_Sang,0
ITM_01030,Line_A,Ca_Sang,0
ITM_01031,Line_A,Ca_Sang,0
ITM_01032,Line_A,Ca_Sang,0
ITM_01033,Line_A,Ca_Sang,0
ITM_01034,Line_A,Ca_Sang,0
ITM_01035,Line_A,Ca_Chieu,0
ITM_01036,Line_C,Ca_Sang,0
ITM_01037,Line_B,Ca_Chieu,0
ITM_01038,Line_B,Ca_Sang,0
ITM_01039,Line_B,Ca_Sang,1
ITM_01040,Line_B,Ca_Dem,0
ITM_01041,Line_C,Ca_Dem,0
ITM_01042,Line_A,Ca_Dem,0
ITM_01043,Line_A,Ca_Dem,0
ITM_01044,Line_C,Ca_Dem,0
ITM_01045,Line_B,Ca_Dem,0
ITM_01046,Line_B,Ca_Dem,0
ITM_01047,Line_A,Ca_Chieu,0
ITM_01048,Line_A,Ca_Sang,0
ITM_01049,Line_B,Ca_Dem,0
ITM_01050,Line_A,Ca_Sang,0
ITM_01051,Line_A,Ca_Sang,0
ITM_01052,Line_C,Ca_Dem,0
ITM_01053,Line_A,Ca_Chieu,0
ITM_01054,Line_B,Ca_Chieu,0
ITM_01055,Line_A,Ca_Sang,0
ITM_01056,Line_A,Ca_Chieu,0
ITM_01057,Line_A,Ca_Sang,0
ITM_01058,Line_A,Ca_Chieu,0
ITM_01059,Line_B,Ca_Dem,0
ITM_01060,Line_A,Ca_Sang,0
ITM_01061,Line_C,Ca_Sang,0
ITM_01062,Line_B,Ca_Sang,0
ITM_01063,Line_A,Ca_Chieu,0
ITM_01064,Line_A,Ca_Sang,0
ITM_01065,Line_A,Ca_Chieu,0
ITM_01066,Line_A,Ca_Dem,0
ITM_01067,Line_B,Ca_Sang,0
ITM_01068,Line_A,Ca_Sang,0
ITM_01069,Line_C,Ca_Chieu,0
ITM_01070,Line_B,Ca_Dem,0
ITM_01071,Line_A,Ca_Sang,0
ITM_01072,Line_C,Ca_Chieu,0
ITM_01073,Line_A,Ca_Sang,0
ITM_01074,Line_B,Ca_Sang,0
ITM_01075,Line_B,Ca_Sang,0
ITM_01076,Line_A,Ca_Chieu,0
ITM_01077,Line_B,Ca_Sang,0
ITM_01078,Line_C,Ca_Dem,0
ITM_01079,Line_C,Ca_Dem,0
ITM_01080,Line_C,Ca_Sang,1
ITM_01081,Line_B,Ca_Sang,0
ITM_01082,Line_C,Ca_Chieu,0
ITM_01083,Line_A,Ca_Sang,0
ITM_01084,Line_A,Ca_Sang,0
ITM_01085,Line_A,Ca_Sang,0
ITM_01086,Line_A,Ca_Dem,0
ITM_01087,Line_C,Ca_Dem,0
ITM_01088,Line_A,Ca_Sang,0
ITM_01089,Line_B,Ca_Sang,0
ITM_01090,Line_A,Ca_Sang,0
ITM_01091,Line_B,Ca_Sang,0
ITM_01092,Line_A,Ca_Dem,0
ITM_01093,Line_B,Ca_Chieu,0
ITM_01094,Line_A,Ca_Dem,0
ITM_01095,Line_C,Ca_Dem,0
ITM_01096,Line_B,Ca_Sang,0
ITM_01097,Line_B,Ca_Chieu,0
ITM_01098,Line_C,Ca_Sang,0
ITM_01099,Line_C,Ca_Dem,0
ITM_01100,Line_A,Ca_Chieu,0
ITM_01101,Line_A,Ca_Chieu,0
ITM_01102,Line_C,Ca_Chieu,0
ITM_01103,Line_A,Ca_Dem,0
ITM_01104,Line_C,Ca_Sang,0
ITM_01105,Line_A,Ca_Sang,0
ITM_01106,Line_A,Ca_Sang,0
ITM_01107,Line_A,Ca_Sang,0
ITM_01108,Line_A,Ca_Chieu,0
ITM_01109,Line_C,Ca_Chieu,0
ITM_01110,Line_B,Ca_Chieu,0
ITM_01111,Line_A,Ca_Sang,1
ITM_01112,Line_C,Ca_Sang,0
ITM_01113,Line_B,Ca_Sang,0
ITM_01114,Line_B,Ca_Chieu,0
ITM_01115,Line_A,Ca_Chieu,0
ITM_01116,Line_B,Ca_Chieu,0
ITM_01117,Line_C,Ca_Chieu,0
ITM_01118,Line_A,Ca_Chieu,0
ITM_01119,Line_B,Ca_Chieu,0
ITM_01120,Line_A,Ca_Sang,0
ITM_01121,Line_B,Ca_Sang,0
ITM_01122,Line_B,Ca_Chieu,0
ITM_01123,Line_B,Ca_Chieu,0
ITM_01124,Line_A,Ca_Sang,0
ITM_01125,Line_B,Ca_Sang,0
ITM_01126,Line_A,Ca_Sang,0
ITM_01127,Line_C,Ca_Chieu,0
ITM_01128,Line_C,Ca_Sang,0
ITM_01129,Line_A,Ca_Chieu,0
ITM_01130,Line_A,Ca_Sang,1
ITM_01131,Line_A,Ca_Chieu,0
ITM_01132,Line_A,Ca_Chieu,0
ITM_01133,Line_B,Ca_Sang,0
ITM_01134,Line_B,Ca_Sang,0
ITM_01135,Line_B,Ca_Sang,0
ITM_01136,Line_A,Ca_Sang,0
ITM_01137,Line_A,Ca_Sang,0
ITM_01138,Line_C,Ca_Dem,1
ITM_01139,Line_C,Ca_Sang,0
ITM_01140,Line_B,Ca_Sang,0
ITM_01141,Line_A,Ca_Chieu,0
ITM_01142,Line_A,Ca_Sang,0
ITM_01143,Line_C,Ca_Chieu,0
ITM_01144,Line_A,Ca_Sang,0
ITM_01145,Line_A,Ca_Sang,0
ITM_01146,Line_A,Ca_Chieu,0
ITM_01147,Line_B,Ca_Chieu,0
ITM_01148,Line_A,Ca_Sang,0
ITM_01149,Line_A,Ca_Chieu,0
ITM_01150,Line_A,Ca_Chieu,0
ITM_01151,Line_C,Ca_Sang,1
ITM_01152,Line_B,Ca_Sang,0
ITM_01153,Line_B,Ca_Sang,0
ITM_01154,Line_B,Ca_Sang,0
ITM_01155,Line_B,Ca_Dem,0
ITM_01156,Line_A,Ca_Sang,1
ITM_01157,Line_A,Ca_Sang,0
ITM_01158,Line_A,Ca_Sang,0
ITM_01159,Line_C,Ca_Chieu,0
ITM_01160,Line_A,Ca_Sang,0
ITM_01161,Line_A,Ca_Chieu,0
ITM_01162,Line_B,Ca_Sang,0
ITM_01163,Line_B,Ca_Dem,0
ITM_01164,Line_B,Ca_Chieu,0
ITM_01165,Line_B,Ca_Sang,0
ITM_01166,Line_C,Ca_Chieu,0
ITM_01167,Line_C,Ca_Dem,0
ITM_01168,Line_A,Ca_Sang,0
ITM_01169,Line_A,Ca_Chieu,0
ITM_01170,Line_B,Ca_Dem,0
ITM_01171,Line_B,Ca_Chieu,0
ITM_01172,Line_B,Ca_Chieu,0
ITM_01173,Line_A,Ca_Chieu,0
ITM_01174,Line_C,Ca_Chieu,0
ITM_01175,Line_A,Ca_Sang,0
ITM_01176,Line_A,Ca_Sang,0
ITM_01177,Line_C,Ca_Dem,0
ITM_01178,Line_C,Ca_Chieu,0
ITM_01179,Line_A,Ca_Dem,0
ITM_01180,Line_A,Ca_Dem,0
ITM_01181,Line_A,Ca_Sang,0
ITM_01182,Line_C,Ca_Chieu,0
ITM_01183,Line_C,Ca_Dem,0
ITM_01184,Line_A,Ca_Sang,0
ITM_01185,Line_A,Ca_Dem,0
ITM_01186,Line_A,Ca_Dem,0
ITM_01187,Line_C,Ca_Dem,0
ITM_01188,Line_A,Ca_Sang,0
ITM_01189,Line_B,Ca_Dem,0
ITM_01190,Line_B,Ca_Sang,0
ITM_01191,Line_C,Ca_Chieu,0
ITM_01192,Line_A,Ca_Dem,0
ITM_01193,Line_B,Ca_Dem,0
ITM_01194,Line_B,Ca_Chieu,0
ITM_01195,Line_C,Ca_Sang,0
ITM_01196,Line_C,Ca_Chieu,0
ITM_01197,Line_B,Ca_Sang,0
ITM_01198,Line_C,Ca_Dem,0
ITM_01199,Line_B,Ca_Chieu,0
ITM_01200,Line_B,Ca_Sang,0
