patient_id,age_group,has_symptom,actual_infection,test_result
P0001,65+,0,0,0
P0002,30-49,0,0,0
P0003,65+,0,0,0
P0004,30-49,0,0,0
P0005,30-49,0,0,0
P0006,50-64,0,0,0
P0007,50-64,0,0,0
P0008,18-29,0,0,0
P0009,30-49,0,0,0
P0010,30-49,0,0,0
P0011,18-29,1,0,0
P0012,18-29,0,0,1
P0013,30-49,0,0,0
P0014,50-64,0,0,0
P0015,30-49,0,0,0
P0016,30-49,0,0,0
P0017,30-49,0,0,0
P0018,65+,0,0,0
P0019,30-49,0,0,0
P0020,30-49,0,0,0
P0021,18-29,0,0,0
P0022,50-64,0,0,0
P0023,30-49,0,0,0
P0024,50-64,0,0,1
P0025,65+,0,0,0
P0026,50-64,0,0,0
P0027,30-49,0,0,0
P0028,18-29,0,0,0
P0029,30-49,0,0,1
P0030,30-49,0,0,0
P0031,18-29,0,0,0
P0032,50-64,0,0,0
P0033,30-49,0,0,0
P0034,30-49,1,1,1
P0035,50-64,0,0,0
P0036,50-64,0,0,0
P0037,50-64,0,0,0
P0038,65+,0,0,0
P0039,18-29,0,0,1
P0040,30-49,0,0,0
P0041,50-64,0,0,0
P0042,50-64,0,0,0
P0043,65+,1,0,0
P0044,50-64,0,0,0
P0045,30-49,0,0,0
P0046,65+,0,0,0
P0047,50-64,1,0,0
P0048,50-64,0,0,0
P0049,18-29,0,0,1
P0050,30-49,0,0,0
P0051,18-29,0,0,0
P0052,30-49,0,0,0
P0053,18-29,0,0,1
P0054,30-49,0,0,0
P0055,65+,0,0,0
P0056,30-49,0,0,0
P0057,18-29,0,0,0
P0058,65+,0,0,1
P0059,30-49,0,0,0
P0060,30-49,0,0,0
P0061,50-64,0,0,0
P0062,50-64,0,0,0
P0063,50-64,0,0,0
P0064,18-29,0,0,0
P0065,65+,0,0,1
P0066,50-64,0,0,1
P0067,18-29,0,0,0
P0068,30-49,1,0,0
P0069,50-64,0,0,0
P0070,18-29,0,0,0
P0071,18-29,0,0,0
P0072,30-49,0,0,0
P0073,30-49,0,0,0
P0074,50-64,1,0,0
P0075,30-49,0,0,0
P0076,18-29,0,0,0
P0077,50-64,0,0,0
P0078,18-29,0,0,0
P0079,50-64,0,0,0
P0080,50-64,0,0,0
P0081,65+,0,0,0
P0082,50-64,0,0,0
P0083,65+,0,0,0
P0084,30-49,1,0,0
P0085,18-29,1,0,0
P0086,50-64,0,0,0
P0087,50-64,0,1,1
P0088,65+,0,0,0
P0089,30-49,0,0,0
P0090,18-29,0,0,0
P0091,30-49,0,0,0
P0092,18-29,0,0,0
P0093,18-29,0,0,0
P0094,18-29,0,0,0
P0095,18-29,1,1,1
P0096,50-64,0,0,0
P0097,50-64,1,0,0
P0098,30-49,0,0,0
P0099,65+,0,0,0
P0100,30-49,1,1,1
P0101,18-29,0,0,0
P0102,65+,1,0,0
P0103,50-64,0,0,0
P0104,30-49,0,0,0
P0105,65+,1,0,1
P0106,18-29,0,0,1
P0107,30-49,0,0,0
P0108,30-49,0,0,0
P0109,18-29,0,0,0
P0110,18-29,0,0,0
P0111,30-49,0,0,0
P0112,18-29,0,0,0
P0113,30-49,0,0,0
P0114,65+,0,0,0
P0115,18-29,0,0,0
P0116,30-49,0,0,0
P0117,18-29,1,0,0
P0118,65+,0,0,0
P0119,30-49,0,0,0
P0120,30-49,1,0,0
P0121,30-49,0,0,0
P0122,18-29,0,0,0
P0123,18-29,0,0,0
P0124,18-29,0,0,0
P0125,18-29,0,0,1
P0126,18-29,0,0,0
P0127,50-64,0,1,1
P0128,18-29,0,0,0
P0129,50-64,1,1,1
P0130,50-64,1,1,1
P0131,30-49,0,0,0
P0132,30-49,0,0,0
P0133,30-49,0,0,0
P0134,18-29,0,0,1
P0135,30-49,1,0,0
P0136,65+,0,0,0
P0137,30-49,0,0,0
P0138,65+,1,1,1
P0139,50-64,0,0,0
P0140,50-64,0,0,0
P0141,50-64,0,0,0
P0142,18-29,0,0,0
P0143,50-64,1,0,0
P0144,30-49,0,0,0
P0145,30-49,0,0,0
P0146,18-29,1,0,0
P0147,30-49,1,0,0
P0148,30-49,0,0,0
P0149,18-29,0,0,0
P0150,18-29,0,0,0
P0151,50-64,0,0,0
P0152,30-49,0,0,0
P0153,18-29,0,0,0
P0154,65+,0,0,0
P0155,50-64,1,0,0
P0156,30-49,0,0,0
P0157,30-49,0,0,0
P0158,18-29,0,0,1
P0159,50-64,0,0,0
P0160,50-64,0,0,0
P0161,30-49,0,0,0
P0162,50-64,1,0,0
P0163,18-29,0,0,0
P0164,30-49,0,0,0
P0165,30-49,0,0,0
P0166,18-29,0,0,0
P0167,30-49,1,0,0
P0168,18-29,0,0,0
P0169,30-49,0,0,1
P0170,50-64,1,0,0
P0171,30-49,0,0,0
P0172,50-64,0,0,0
P0173,50-64,1,0,1
P0174,30-49,0,0,0
P0175,50-64,0,0,0
P0176,18-29,0,0,0
P0177,50-64,0,0,0
P0178,30-49,0,0,0
P0179,30-49,0,0,0
P0180,65+,0,0,0
P0181,30-49,1,0,1
P0182,50-64,1,0,0
P0183,65+,0,0,0
P0184,30-49,1,0,0
P0185,18-29,0,0,0
P0186,50-64,1,0,0
P0187,50-64,0,0,0
P0188,30-49,0,0,0
P0189,30-49,0,1,1
P0190,18-29,0,0,0
P0191,65+,0,0,0
P0192,30-49,0,0,1
P0193,50-64,0,1,1
P0194,18-29,1,0,0
P0195,30-49,0,0,0
P0196,30-49,0,0,0
P0197,30-49,0,0,0
P0198,18-29,0,0,0
P0199,18-29,1,0,0
P0200,18-29,0,0,0
P0201,50-64,1,0,0
P0202,30-49,0,0,0
P0203,50-64,0,0,0
P0204,50-64,0,0,0
P0205,50-64,1,0,1
P0206,30-49,0,0,0
P0207,30-49,1,0,0
P0208,65+,0,0,0
P0209,50-64,0,0,0
P0210,30-49,0,0,1
P0211,30-49,0,0,0
P0212,18-29,0,0,0
P0213,30-49,0,0,0
P0214,65+,0,0,0
P0215,18-29,0,0,0
P0216,50-64,1,0,0
P0217,18-29,0,0,0
P0218,18-29,1,0,0
P0219,30-49,1,1,1
P0220,30-49,0,0,0
P0221,30-49,0,0,0
P0222,30-49,0,0,0
P0223,30-49,0,0,0
P0224,50-64,0,0,0
P0225,30-49,0,0,0
P0226,30-49,0,0,0
P0227,65+,0,0,0
P0228,18-29,0,0,0
P0229,30-49,1,0,0
P0230,50-64,0,0,1
P0231,30-49,0,0,0
P0232,50-64,0,0,0
P0233,65+,0,0,0
P0234,30-49,0,0,0
P0235,18-29,0,0,0
P0236,18-29,0,0,0
P0237,65+,0,0,0
P0238,50-64,1,0,0
P0239,50-64,0,0,0
P0240,65+,0,0,0
P0241,50-64,0,0,0
P0242,30-49,0,0,0
P0243,18-29,0,0,0
P0244,18-29,0,0,1
P0245,30-49,0,0,0
P0246,18-29,0,0,0
P0247,30-49,1,0,0
P0248,30-49,0,0,0
P0249,30-49,0,0,0
P0250,18-29,1,1,1
P0251,65+,0,0,0
P0252,50-64,1,1,1
P0253,18-29,1,0,0
P0254,50-64,0,0,0
P0255,50-64,0,0,0
P0256,50-64,1,0,0
P0257,50-64,0,0,0
P0258,50-64,0,0,0
P0259,30-49,0,0,0
P0260,50-64,0,0,1
P0261,18-29,0,0,0
P0262,30-49,0,0,0
P0263,30-49,0,0,0
P0264,30-49,0,0,0
P0265,50-64,1,0,0
P0266,65+,1,1,1
P0267,18-29,0,0,1
P0268,30-49,0,0,0
P0269,18-29,0,1,1
P0270,50-64,0,0,0
P0271,30-49,0,0,0
P0272,50-64,0,0,0
P0273,18-29,0,0,0
P0274,50-64,0,0,0
P0275,30-49,0,0,0
P0276,30-49,0,0,0
P0277,30-49,0,0,0
P0278,30-49,0,0,0
P0279,50-64,0,0,0
P0280,50-64,0,0,0
P0281,18-29,0,0,0
P0282,65+,0,0,0
P0283,65+,0,0,0
P0284,50-64,0,0,0
P0285,65+,1,0,0
P0286,30-49,0,0,0
P0287,50-64,0,0,0
P0288,30-49,0,0,0
P0289,30-49,0,0,0
P0290,50-64,0,0,0
P0291,50-64,0,0,0
P0292,30-49,0,0,0
P0293,18-29,0,0,0
P0294,50-64,0,0,0
P0295,30-49,1,0,0
P0296,65+,1,0,0
P0297,50-64,0,0,0
P0298,18-29,0,0,0
P0299,30-49,0,0,0
P0300,65+,0,0,0
P0301,50-64,0,0,1
P0302,18-29,1,0,0
P0303,18-29,0,0,0
P0304,30-49,0,0,0
P0305,30-49,1,0,0
P0306,50-64,0,0,0
P0307,50-64,0,0,0
P0308,30-49,1,1,1
P0309,65+,0,0,0
P0310,18-29,0,0,0
P0311,65+,0,0,0
P0312,50-64,0,0,0
P0313,30-49,0,0,0
P0314,30-49,0,0,0
P0315,30-49,0,0,0
P0316,30-49,0,0,0
P0317,50-64,0,0,0
P0318,18-29,0,0,1
P0319,65+,1,0,0
P0320,18-29,1,0,0
P0321,18-29,0,0,0
P0322,30-49,0,0,0
P0323,30-49,0,0,0
P0324,30-49,1,0,0
P0325,18-29,0,0,0
P0326,30-49,0,0,0
P0327,50-64,0,0,0
P0328,30-49,0,0,0
P0329,18-29,0,0,0
P0330,65+,0,0,0
P0331,65+,0,0,0
P0332,30-49,0,0,0
P0333,18-29,0,0,0
P0334,18-29,0,0,0
P0335,30-49,0,0,1
P0336,50-64,1,0,0
P0337,18-29,0,0,0
P0338,30-49,0,0,0
P0339,65+,1,1,1
P0340,50-64,0,0,0
P0341,30-49,0,0,0
P0342,50-64,0,0,0
P0343,50-64,0,0,0
P0344,65+,0,0,0
P0345,50-64,0,0,0
P0346,18-29,0,0,0
P0347,30-49,0,0,0
P0348,30-49,0,0,0
P0349,30-49,1,1,1
P0350,30-49,0,0,0
P0351,30-49,0,0,0
P0352,50-64,1,0,0
P0353,18-29,0,0,0
P0354,30-49,0,0,0
P0355,50-64,0,0,0
P0356,18-29,1,0,0
P0357,30-49,0,0,0
P0358,18-29,1,1,1
P0359,30-49,0,0,0
P0360,18-29,1,0,0
P0361,18-29,0,0,0
P0362,18-29,0,0,0
P0363,30-49,0,0,0
P0364,50-64,0,0,1
P0365,18-29,0,0,0
P0366,30-49,1,1,1
P0367,30-49,0,0,0
P0368,30-49,1,0,0
P0369,50-64,0,0,0
P0370,65+,0,0,0
P0371,30-49,0,0,0
P0372,30-49,0,0,0
P0373,65+,0,0,0
P0374,30-49,0,0,0
P0375,18-29,0,0,0
P0376,30-49,0,0,0
P0377,30-49,0,0,0
P0378,65+,0,0,0
P0379,18-29,1,0,0
P0380,50-64,0,0,1
P0381,65+,0,0,0
P0382,30-49,0,0,0
P0383,50-64,0,0,0
P0384,50-64,0,0,0
P0385,30-49,0,0,0
P0386,65+,0,0,0
P0387,65+,0,0,0
P0388,30-49,0,0,0
P0389,18-29,0,0,0
P0390,50-64,1,0,0
P0391,50-64,0,0,0
P0392,65+,0,0,0
P0393,50-64,1,0,0
P0394,18-29,0,0,0
P0395,18-29,0,0,0
P0396,30-49,1,0,0
P0397,65+,0,0,0
P0398,65+,0,0,0
P0399,30-49,0,0,1
P0400,30-49,0,0,0
P0401,18-29,0,0,0
P0402,18-29,0,0,0
P0403,65+,1,0,0
P0404,50-64,0,0,0
P0405,65+,0,0,0
P0406,18-29,0,0,0
P0407,30-49,0,0,0
P0408,50-64,0,0,0
P0409,50-64,1,0,0
P0410,18-29,1,0,0
P0411,18-29,0,0,0
P0412,18-29,0,0,0
P0413,30-49,0,0,0
P0414,65+,0,0,0
P0415,18-29,0,0,0
P0416,50-64,0,0,0
P0417,65+,1,0,0
P0418,18-29,0,0,0
P0419,30-49,0,0,0
P0420,50-64,0,0,0
P0421,65+,0,0,0
P0422,30-49,0,0,0
P0423,30-49,0,0,0
P0424,18-29,0,0,0
P0425,18-29,0,0,0
P0426,50-64,0,0,0
P0427,30-49,1,0,0
P0428,50-64,0,0,0
P0429,30-49,1,1,1
P0430,50-64,0,0,0
P0431,30-49,0,0,0
P0432,65+,0,0,0
P0433,30-49,1,0,0
P0434,65+,0,0,0
P0435,50-64,0,0,0
P0436,65+,1,0,1
P0437,30-49,0,0,0
P0438,18-29,1,0,0
P0439,30-49,0,0,0
P0440,18-29,0,0,0
P0441,30-49,0,1,1
P0442,18-29,1,1,1
P0443,50-64,0,0,0
P0444,30-49,0,0,0
P0445,30-49,0,0,0
P0446,65+,0,0,0
P0447,18-29,0,0,1
P0448,50-64,1,0,0
P0449,18-29,0,0,0
P0450,65+,0,0,0
P0451,18-29,0,0,0
P0452,18-29,1,0,0
P0453,30-49,1,0,0
P0454,50-64,0,0,0
P0455,30-49,0,0,0
P0456,65+,0,0,0
P0457,50-64,1,0,1
P0458,50-64,1,0,0
P0459,18-29,1,0,0
P0460,18-29,1,0,0
P0461,30-49,0,0,0
P0462,50-64,1,1,1
P0463,50-64,0,0,0
P0464,30-49,1,0,1
P0465,18-29,0,0,0
P0466,30-49,0,0,0
P0467,30-49,0,0,0
P0468,65+,0,0,0
P0469,18-29,0,0,0
P0470,50-64,0,0,0
P0471,18-29,1,0,0
P0472,18-29,1,0,0
P0473,30-49,0,0,0
P0474,50-64,0,0,0
P0475,30-49,0,0,0
P0476,18-29,0,0,0
P0477,65+,0,0,0
P0478,18-29,0,0,0
P0479,30-49,0,0,1
P0480,18-29,0,0,0
P0481,50-64,0,0,0
P0482,50-64,1,0,0
P0483,18-29,0,0,0
P0484,18-29,0,0,0
P0485,18-29,0,0,0
P0486,30-49,0,0,0
P0487,65+,0,0,0
P0488,18-29,0,0,0
P0489,50-64,1,0,0
P0490,30-49,0,0,0
P0491,50-64,0,0,0
P0492,18-29,0,0,0
P0493,18-29,0,0,0
P0494,18-29,0,0,0
P0495,18-29,0,0,0
P0496,65+,0,0,0
P0497,65+,1,0,0
P0498,18-29,0,0,0
P0499,18-29,0,0,0
P0500,65+,0,0,0
P0501,18-29,1,0,0
P0502,50-64,0,0,0
P0503,18-29,0,0,0
P0504,50-64,0,0,0
P0505,65+,1,1,1
P0506,30-49,1,0,0
P0507,65+,0,0,0
P0508,18-29,0,0,0
P0509,30-49,0,0,0
P0510,50-64,0,0,1
P0511,30-49,1,0,0
P0512,18-29,0,0,0
P0513,50-64,0,0,0
P0514,18-29,0,0,0
P0515,50-64,1,0,0
P0516,50-64,1,1,1
P0517,50-64,0,0,0
P0518,30-49,0,0,0
P0519,65+,0,0,0
P0520,50-64,0,0,0
P0521,30-49,0,0,0
P0522,50-64,0,0,0
P0523,18-29,0,0,0
P0524,18-29,0,0,0
P0525,18-29,0,0,0
P0526,50-64,0,0,1
P0527,18-29,0,0,0
P0528,65+,1,0,0
P0529,65+,0,0,0
P0530,30-49,0,0,0
P0531,30-49,1,0,0
P0532,50-64,1,0,0
P0533,65+,0,0,0
P0534,30-49,0,0,0
P0535,30-49,0,0,0
P0536,65+,1,0,0
P0537,65+,0,0,1
P0538,50-64,0,0,0
P0539,30-49,0,0,0
P0540,65+,0,0,0
P0541,65+,0,0,0
P0542,65+,0,0,0
P0543,50-64,0,0,0
P0544,18-29,0,0,0
P0545,50-64,0,0,0
P0546,18-29,0,0,0
P0547,30-49,0,0,0
P0548,30-49,0,0,0
P0549,65+,0,0,1
P0550,50-64,0,0,0
P0551,30-49,1,0,0
P0552,50-64,0,0,0
P0553,50-64,0,0,0
P0554,18-29,0,0,0
P0555,18-29,0,0,0
P0556,50-64,0,0,0
P0557,50-64,0,0,0
P0558,18-29,0,0,0
P0559,50-64,0,0,0
P0560,65+,1,0,0
P0561,18-29,0,0,0
P0562,18-29,0,0,0
P0563,65+,0,0,0
P0564,65+,0,0,0
P0565,50-64,0,0,0
P0566,30-49,0,0,0
P0567,18-29,0,0,0
P0568,30-49,0,0,0
P0569,18-29,0,0,0
P0570,30-49,0,0,0
P0571,50-64,1,0,0
P0572,50-64,0,0,0
P0573,50-64,1,1,1
P0574,18-29,0,0,0
P0575,65+,0,0,0
P0576,50-64,0,0,0
P0577,18-29,0,0,0
P0578,65+,1,0,0
P0579,30-49,0,0,0
P0580,50-64,0,0,0
P0581,65+,0,0,0
P0582,30-49,0,0,0
P0583,30-49,1,0,0
P0584,50-64,0,0,0
P0585,18-29,0,0,0
P0586,30-49,1,1,1
P0587,30-49,0,1,1
P0588,18-29,0,0,0
P0589,65+,1,0,0
P0590,18-29,0,0,0
P0591,30-49,0,0,0
P0592,30-49,0,0,0
P0593,30-49,1,0,0
P0594,50-64,0,0,0
P0595,30-49,0,0,0
P0596,18-29,0,0,0
P0597,30-49,0,0,0
P0598,30-49,1,0,0
P0599,30-49,0,0,0
P0600,30-49,1,1,1
P0601,18-29,0,0,0
P0602,18-29,0,0,0
P0603,65+,0,0,0
P0604,50-64,0,0,0
P0605,50-64,1,1,1
P0606,18-29,0,0,0
P0607,18-29,1,0,0
P0608,50-64,0,0,0
P0609,50-64,0,0,0
P0610,50-64,0,0,0
P0611,18-29,0,0,1
P0612,30-49,0,0,0
P0613,30-49,0,0,0
P0614,50-64,0,0,1
P0615,65+,0,0,0
P0616,18-29,1,0,0
P0617,50-64,1,0,0
P0618,30-49,0,0,0
P0619,65+,0,0,0
P0620,18-29,0,0,0
P0621,18-29,0,0,0
P0622,30-49,0,0,0
P0623,18-29,0,0,0
P0624,50-64,0,0,0
P0625,50-64,0,0,0
P0626,50-64,1,0,1
P0627,18-29,1,0,0
P0628,65+,0,0,0
P0629,50-64,0,0,0
P0630,30-49,0,0,0
P0631,50-64,0,0,0
P0632,30-49,0,0,0
P0633,50-64,0,0,0
P0634,30-49,0,0,0
P0635,30-49,0,0,0
P0636,65+,0,0,0
P0637,65+,0,0,0
P0638,30-49,1,0,0
P0639,30-49,0,0,0
P0640,50-64,0,0,0
P0641,30-49,0,0,0
P0642,30-49,0,0,0
P0643,30-49,0,0,0
P0644,30-49,0,0,0
P0645,18-29,0,0,0
P0646,65+,0,0,0
P0647,30-49,0,0,0
P0648,18-29,0,0,0
P0649,50-64,0,0,0
P0650,30-49,0,0,0
P0651,50-64,0,0,0
P0652,30-49,0,0,0
P0653,65+,0,0,0
P0654,18-29,1,0,0
P0655,30-49,0,0,0
P0656,30-49,0,0,0
P0657,30-49,0,0,0
P0658,18-29,0,0,0
P0659,50-64,0,0,0
P0660,18-29,0,0,0
P0661,50-64,0,0,0
P0662,18-29,0,0,0
P0663,30-49,0,0,0
P0664,18-29,0,0,0
P0665,30-49,0,0,0
P0666,30-49,0,0,0
P0667,30-49,0,0,0
P0668,30-49,0,0,0
P0669,18-29,0,0,0
P0670,30-49,1,0,0
P0671,18-29,0,0,0
P0672,30-49,0,0,0
P0673,18-29,0,0,1
P0674,50-64,0,0,0
P0675,30-49,0,0,0
P0676,30-49,0,0,0
P0677,50-64,1,1,1
P0678,18-29,1,0,0
P0679,18-29,0,0,0
P0680,18-29,0,0,0
P0681,65+,0,0,0
P0682,50-64,0,0,0
P0683,18-29,0,0,0
P0684,30-49,0,0,0
P0685,18-29,0,0,0
P0686,50-64,0,0,0
P0687,30-49,0,0,0
P0688,30-49,0,0,0
P0689,18-29,0,0,0
P0690,50-64,0,0,0
P0691,18-29,0,0,0
P0692,18-29,0,0,0
P0693,18-29,1,0,0
P0694,50-64,0,0,0
P0695,30-49,0,0,0
P0696,65+,0,0,0
P0697,30-49,0,0,0
P0698,30-49,0,0,0
P0699,18-29,0,0,0
P0700,50-64,0,0,0
P0701,30-49,0,0,0
P0702,50-64,0,0,0
P0703,65+,0,0,0
P0704,30-49,0,0,0
P0705,18-29,1,0,0
P0706,50-64,0,0,0
P0707,30-49,0,0,0
P0708,30-49,0,0,0
P0709,18-29,0,0,0
P0710,30-49,0,0,1
P0711,65+,0,0,0
P0712,18-29,0,0,0
P0713,65+,0,0,0
P0714,50-64,0,0,0
P0715,18-29,0,0,0
P0716,50-64,0,0,0
P0717,30-49,0,0,0
P0718,30-49,0,0,0
P0719,18-29,0,0,0
P0720,18-29,0,0,0
P0721,50-64,0,0,0
P0722,30-49,0,0,0
P0723,30-49,0,0,0
P0724,30-49,0,0,0
P0725,65+,0,0,0
P0726,18-29,0,0,0
P0727,50-64,0,0,0
P0728,18-29,0,0,0
P0729,65+,1,1,1
P0730,30-49,0,0,0
P0731,18-29,1,0,0
P0732,30-49,0,0,0
P0733,50-64,0,0,0
P0734,18-29,0,0,0
P0735,30-49,0,0,0
P0736,65+,0,0,0
P0737,18-29,0,0,0
P0738,30-49,0,0,0
P0739,30-49,0,0,0
P0740,18-29,0,0,0
P0741,30-49,0,0,0
P0742,30-49,0,0,0
P0743,50-64,0,0,1
P0744,30-49,0,0,0
P0745,30-49,0,0,0
P0746,30-49,0,0,0
P0747,18-29,0,0,0
P0748,18-29,0,0,0
P0749,65+,1,0,0
P0750,18-29,0,0,0
P0751,65+,0,0,0
P0752,18-29,0,0,0
P0753,30-49,0,0,0
P0754,50-64,1,1,1
P0755,30-49,0,0,0
P0756,30-49,0,0,0
P0757,65+,0,0,0
P0758,18-29,0,0,0
P0759,50-64,0,0,0
P0760,65+,0,0,0
P0761,30-49,1,0,0
P0762,18-29,1,0,0
P0763,65+,0,0,0
P0764,30-49,0,0,0
P0765,50-64,1,0,0
P0766,18-29,1,0,0
P0767,18-29,0,0,0
P0768,65+,0,0,1
P0769,30-49,0,0,0
P0770,18-29,0,0,0
P0771,30-49,1,0,0
P0772,30-49,0,0,0
P0773,30-49,1,0,0
P0774,30-49,1,1,1
P0775,30-49,0,0,0
P0776,50-64,0,0,0
P0777,30-49,0,0,0
P0778,18-29,1,0,0
P0779,30-49,1,1,1
P0780,30-49,0,0,0
P0781,50-64,0,1,1
P0782,18-29,0,0,0
P0783,65+,0,0,0
P0784,18-29,0,0,0
P0785,65+,0,0,0
P0786,30-49,0,0,0
P0787,50-64,0,0,1
P0788,50-64,0,0,0
P0789,30-49,0,0,0
P0790,30-49,0,0,0
P0791,30-49,0,0,0
P0792,18-29,0,0,0
P0793,18-29,0,0,0
P0794,30-49,0,0,0
P0795,30-49,0,0,0
P0796,65+,0,0,0
P0797,18-29,1,0,0
P0798,18-29,0,0,0
P0799,65+,0,0,0
P0800,50-64,0,0,0
P0801,65+,0,0,0
P0802,50-64,0,0,0
P0803,18-29,0,0,0
P0804,50-64,0,0,0
P0805,30-49,1,1,1
P0806,30-49,0,0,0
P0807,18-29,0,1,1
P0808,18-29,0,0,0
P0809,30-49,0,0,0
P0810,18-29,0,0,0
P0811,30-49,0,0,0
P0812,30-49,0,0,0
P0813,30-49,0,0,0
P0814,18-29,0,0,0
P0815,50-64,0,0,0
P0816,30-49,0,0,0
P0817,65+,0,0,0
P0818,50-64,0,0,0
P0819,18-29,0,0,1
P0820,50-64,0,0,0
P0821,65+,0,0,0
P0822,65+,0,0,0
P0823,50-64,1,0,0
P0824,18-29,0,0,0
P0825,30-49,1,0,0
P0826,30-49,1,0,0
P0827,18-29,1,0,0
P0828,18-29,0,0,0
P0829,50-64,0,0,0
P0830,30-49,0,0,0
P0831,30-49,0,0,0
P0832,50-64,0,0,0
P0833,18-29,0,0,0
P0834,50-64,1,0,0
P0835,65+,1,0,0
P0836,30-49,0,0,0
P0837,30-49,1,1,1
P0838,30-49,0,0,0
P0839,30-49,1,0,0
P0840,50-64,0,0,0
P0841,65+,1,1,1
P0842,18-29,0,0,0
P0843,30-49,1,1,1
P0844,65+,0,0,0
P0845,30-49,0,0,0
P0846,30-49,1,0,0
P0847,18-29,1,0,0
P0848,50-64,0,0,0
P0849,30-49,0,0,0
P0850,30-49,0,0,0
P0851,50-64,1,0,0
P0852,18-29,0,0,0
P0853,30-49,0,0,0
P0854,18-29,0,0,0
P0855,50-64,1,0,0
P0856,50-64,0,0,0
P0857,65+,0,0,0
P0858,65+,0,0,0
P0859,18-29,0,0,0
P0860,30-49,0,0,1
P0861,18-29,1,0,1
P0862,18-29,0,0,0
P0863,30-49,0,0,0
P0864,50-64,0,0,1
P0865,18-29,0,0,0
P0866,18-29,0,0,0
P0867,50-64,1,0,0
P0868,50-64,0,0,0
P0869,18-29,0,0,0
P0870,65+,0,0,0
P0871,18-29,1,0,1
P0872,30-49,1,0,0
P0873,65+,0,0,0
P0874,30-49,0,0,0
P0875,30-49,0,0,0
P0876,65+,0,0,0
P0877,30-49,0,0,0
P0878,18-29,0,0,0
P0879,30-49,0,0,0
P0880,30-49,0,0,0
P0881,30-49,0,0,0
P0882,30-49,0,0,0
P0883,30-49,0,0,0
P0884,50-64,0,0,0
P0885,50-64,0,0,0
P0886,65+,0,0,0
P0887,50-64,0,0,0
P0888,30-49,0,0,0
P0889,30-49,0,0,0
P0890,30-49,0,0,0
P0891,50-64,0,0,0
P0892,30-49,0,0,0
P0893,30-49,0,0,0
P0894,30-49,0,1,1
P0895,30-49,0,0,1
P0896,50-64,0,0,0
P0897,65+,0,0,0
P0898,30-49,0,0,0
P0899,65+,0,0,0
P0900,30-49,0,0,0
P0901,30-49,0,1,1
P0902,30-49,1,0,0
P0903,18-29,0,0,0
P0904,18-29,0,0,0
P0905,30-49,0,0,0
P0906,50-64,0,0,0
P0907,50-64,0,0,0
P0908,18-29,0,0,0
P0909,18-29,0,0,0
P0910,18-29,0,0,0
P0911,65+,0,0,0
P0912,50-64,0,0,0
P0913,50-64,0,0,0
P0914,18-29,0,0,0
P0915,65+,0,0,0
P0916,30-49,0,0,0
P0917,30-49,1,0,0
P0918,18-29,0,0,0
P0919,65+,0,0,0
P0920,65+,1,0,0
P0921,50-64,1,0,0
P0922,50-64,0,0,0
P0923,50-64,0,0,0
P0924,50-64,0,0,0
P0925,30-49,0,0,0
P0926,18-29,0,0,0
P0927,18-29,0,0,0
P0928,50-64,0,0,0
P0929,50-64,0,0,0
P0930,30-49,0,0,0
P0931,30-49,0,0,0
P0932,18-29,0,0,0
P0933,30-49,1,0,0
P0934,50-64,0,0,0
P0935,65+,0,0,0
P0936,30-49,0,0,0
P0937,50-64,0,0,0
P0938,18-29,0,0,0
P0939,18-29,0,0,0
P0940,30-49,0,0,0
P0941,50-64,0,0,1
P0942,18-29,0,0,0
P0943,30-49,0,0,0
P0944,65+,0,0,0
P0945,50-64,0,0,1
P0946,18-29,1,0,0
P0947,50-64,0,0,0
P0948,30-49,0,0,0
P0949,50-64,1,0,0
P0950,30-49,0,0,0
P0951,18-29,0,0,0
P0952,30-49,0,0,0
P0953,50-64,0,0,0
P0954,18-29,0,0,0
P0955,30-49,0,0,0
P0956,65+,1,0,0
P0957,30-49,0,0,0
P0958,50-64,0,0,0
P0959,50-64,1,1,0
P0960,50-64,0,0,0
P0961,30-49,0,0,1
P0962,18-29,0,0,0
P0963,30-49,0,0,0
P0964,50-64,0,0,0
P0965,30-49,0,0,0
P0966,30-49,0,0,0
P0967,18-29,1,0,0
P0968,50-64,0,1,1
P0969,65+,0,0,0
P0970,30-49,0,0,0
P0971,50-64,0,0,0
P0972,50-64,1,0,0
P0973,65+,0,0,0
P0974,30-49,0,0,0
P0975,50-64,0,0,0
P0976,30-49,1,1,1
P0977,50-64,0,0,0
P0978,30-49,0,0,1
P0979,50-64,0,0,0
P0980,50-64,0,0,1
P0981,18-29,0,0,0
P0982,30-49,1,1,1
P0983,65+,0,0,0
P0984,30-49,0,0,0
P0985,30-49,1,0,0
P0986,50-64,0,0,0
P0987,30-49,1,0,0
P0988,18-29,0,0,0
P0989,18-29,0,0,0
P0990,18-29,0,0,0
P0991,30-49,0,0,1
P0992,50-64,0,0,0
P0993,18-29,0,0,0
P0994,30-49,0,0,0
P0995,50-64,0,0,0
P0996,30-49,0,0,0
P0997,18-29,0,0,0
P0998,65+,0,0,0
P0999,30-49,0,0,0
P1000,30-49,0,0,1
