id,khoa,nganh_hoc,gpa,gio_tu_hoc_tuan,thoi_gian_den_truong_phut,so_coc_ca_phe_tuan,tu_tin_lap_trinh_r,mua_yeu_thich,dia_hinh_yeu_thich,dinh_huong_nghe_nghiep
1,QH-2024-I/CQ,CNTT,3.16,3.8,7,2,5,Thu,Bien,KySuPhanMem
2,QH-2022-I/CQ,KhoaHocMayTinh,2.68,2.3,10,2,3,Ha,Bien,ChuyenGiaAI
3,QH-2022-I/CQ,TriTueNhanTao,3.41,5.9,10,6,6,Ha,Bien,KySuPhanMem
4,QH-2023-I/CQ,DTVT,2.99,17.7,22,6,5,Thu,Nui,ChuyenGiaAI
5,QH-2023-I/CQ,KhoaHocMayTinh,3.15,5.1,13,3,7,Xuan,Bien,ChuyenGiaAI
6,QH-2023-I/CQ,CNTT,3.32,7.3,29,3,2,Xuan,Nui,NhaKhoaHocDuLieu
7,QH-2022-I/CQ,CNTT,2.3,14.3,23,9,4,Thu,Bien,KySuPhanMem
8,QH-2023-I/CQ,KTPM,2.47,2.8,59,0,4,Xuan,Bien,KySuNhung_IoT
9,QH-2024-I/CQ,KhoaHocMayTinh,3.15,11.9,12,6,1,Ha,Bien,KhoiNghiep
10,QH-2024-I/CQ,KhoaHocMayTinh,2.75,18.9,48,5,7,Thu,Nui,NhaKhoaHocDuLieu
11,QH-2024-I/CQ,CoDienTu,2.13,25.7,5,2,5,Thu,Bien,ChuyenGiaAI
12,QH-2022-I/CQ,KTPM,2.58,4.1,5,3,2,Dong,Nui,NhaKhoaHocDuLieu
13,QH-2022-I/CQ,DTVT,3.01,13.3,9,7,6,Thu,Nui,KySuPhanMem
14,QH-2023-I/CQ,KhoaHocMayTinh,2.68,3.4,15,8,5,Ha,Bien,NhaKhoaHocDuLieu
15,QH-2022-I/CQ,CNTT,3.03,19.2,37,4,7,Thu,Bien,KySuNhung_IoT
16,QH-2023-I/CQ,CoDienTu,3.51,33.7,36,2,2,Ha,Bien,NhaKhoaHocDuLieu
17,QH-2024-I/CQ,KhoaHocMayTinh,3.18,2.3,23,5,5,Thu,Bien,KySuPhanMem
18,QH-2022-I/CQ,DTVT,3.15,2.9,11,3,4,Xuan,Nui,NhaKhoaHocDuLieu
19,QH-2023-I/CQ,CNTT,2.78,3.2,29,4,4,Dong,Bien,ChuyenGiaAI
20,QH-2024-I/CQ,CNTT,3.51,8.2,14,5,4,Xuan,Bien,NhaKhoaHocDuLieu
21,QH-2023-I/CQ,KhoaHocMayTinh,3.29,21.8,48,3,8,Thu,Bien,KySuPhanMem
22,QH-2022-I/CQ,CNTT,3.52,10.0,10,3,6,Ha,Nui,KySuPhanMem
23,QH-2023-I/CQ,KTPM,2.97,20.4,29,0,4,Xuan,Bien,ChuyenGiaAI
24,QH-2022-I/CQ,TriTueNhanTao,3.2,2.7,24,0,5,Xuan,Nui,KySuPhanMem
25,QH-2022-I/CQ,CNTT,3.9,8.2,67,6,3,Xuan,Bien,ChuyenGiaAI
26,QH-2024-I/CQ,KhoaHocMayTinh,2.96,34.7,10,3,4,Ha,Bien,KySuPhanMem
27,QH-2023-I/CQ,CoDienTu,3.23,13.6,23,4,8,Thu,Bien,KySuPhanMem
28,QH-2022-I/CQ,DTVT,3.47,7.5,9,6,3,Thu,Nui,ChuyenGiaAI
29,QH-2022-I/CQ,TriTueNhanTao,2.31,3.3,51,2,5,Thu,Bien,KySuPhanMem
30,QH-2022-I/CQ,TriTueNhanTao,3.98,4.7,27,3,8,Dong,Nui,KySuPhanMem
31,QH-2023-I/CQ,DTVT,3.53,3.7,90,4,7,Thu,Nui,KySuPhanMem
32,QH-2024-I/CQ,CoDienTu,3.55,11.5,45,2,5,Xuan,Bien,KySuNhung_IoT
33,QH-2022-I/CQ,DTVT,3.26,3.3,38,6,7,Thu,Bien,KhoiNghiep
34,QH-2022-I/CQ,CoDienTu,2.91,22.0,52,8,6,Ha,Nui,ChuyenGiaAI
35,QH-2024-I/CQ,DTVT,3.11,3.4,50,8,6,Thu,Bien,KySuPhanMem
36,QH-2022-I/CQ,CNTT,2.96,14.9,16,4,6,Thu,Bien,NhaKhoaHocDuLieu
37,QH-2024-I/CQ,CoDienTu,2.26,3.5,82,2,8,Ha,Bien,NhaKhoaHocDuLieu
38,QH-2024-I/CQ,TriTueNhanTao,3.98,8.9,90,8,9,Xuan,Bien,NhaKhoaHocDuLieu
39,QH-2024-I/CQ,CoDienTu,2.56,18.3,29,3,5,Thu,Bien,KySuPhanMem
40,QH-2022-I/CQ,TriTueNhanTao,3.29,6.3,13,2,7,Ha,Bien,NhaKhoaHocDuLieu
41,QH-2023-I/CQ,TriTueNhanTao,3.63,6.3,22,2,7,Ha,Bien,ChuyenGiaAI
42,QH-2023-I/CQ,KTPM,3.18,15.5,21,5,1,Thu,Nui,KySuPhanMem
43,QH-2024-I/CQ,KhoaHocMayTinh,2.8,18.7,30,8,6,Xuan,Bien,NhaKhoaHocDuLieu
44,QH-2022-I/CQ,KhoaHocMayTinh,3.44,28.1,24,3,3,Ha,Bien,ChuyenGiaAI
45,QH-2022-I/CQ,TriTueNhanTao,3.32,16.3,19,8,1,Xuan,Bien,NhaKhoaHocDuLieu
46,QH-2024-I/CQ,CoDienTu,2.86,12.9,71,6,4,Thu,Nui,KySuNhung_IoT
47,QH-2024-I/CQ,KTPM,3.61,9.2,36,8,6,Thu,Bien,KySuPhanMem
48,QH-2023-I/CQ,CNTT,2.91,6.0,12,2,8,Xuan,Bien,ChuyenGiaAI
49,QH-2024-I/CQ,CNTT,2.87,9.5,6,5,7,Thu,Nui,KySuPhanMem
50,QH-2024-I/CQ,KTPM,2.84,2.1,15,4,1,Dong,Nui,ChuyenGiaAI
51,QH-2024-I/CQ,TriTueNhanTao,3.55,5.8,20,2,3,Thu,Nui,KySuNhung_IoT
52,QH-2022-I/CQ,CoDienTu,3.56,11.2,57,1,4,Xuan,Bien,KySuNhung_IoT
53,QH-2022-I/CQ,CNTT,2.98,6.7,37,5,3,Thu,Bien,KySuPhanMem
54,QH-2022-I/CQ,TriTueNhanTao,3.64,2.6,72,4,6,Dong,Bien,KySuPhanMem
55,QH-2022-I/CQ,CNTT,3.41,3.6,29,4,4,Thu,Nui,KySuPhanMem
56,QH-2024-I/CQ,CoDienTu,3.07,17.2,38,5,7,Thu,Nui,NhaKhoaHocDuLieu
57,QH-2023-I/CQ,KTPM,3.15,16.1,27,3,9,Dong,Nui,KySuPhanMem
58,QH-2024-I/CQ,TriTueNhanTao,3.59,7.1,17,2,7,Ha,Nui,KySuNhung_IoT
59,QH-2022-I/CQ,KTPM,2.63,9.4,9,8,7,Thu,Nui,KySuNhung_IoT
60,QH-2023-I/CQ,KhoaHocMayTinh,3.61,23.0,25,3,7,Dong,Nui,NhaKhoaHocDuLieu
61,QH-2023-I/CQ,KhoaHocMayTinh,3.0,10.2,14,2,3,Ha,Bien,NhaKhoaHocDuLieu
62,QH-2023-I/CQ,KhoaHocMayTinh,3.21,10.7,10,4,8,Thu,Bien,NhaKhoaHocDuLieu
63,QH-2024-I/CQ,KhoaHocMayTinh,3.23,5.0,31,3,4,Ha,Bien,NhaKhoaHocDuLieu
64,QH-2024-I/CQ,KhoaHocMayTinh,3.68,7.2,18,3,7,Thu,Bien,ChuyenGiaAI
65,QH-2024-I/CQ,CNTT,3.28,17.5,88,7,4,Xuan,Bien,KySuPhanMem
66,QH-2022-I/CQ,KTPM,3.13,16.8,8,5,6,Ha,Nui,ChuyenGiaAI
67,QH-2023-I/CQ,CNTT,3.51,9.8,14,4,7,Dong,Bien,KySuPhanMem
68,QH-2023-I/CQ,CNTT,3.11,13.9,6,6,8,Ha,Nui,KySuPhanMem
69,QH-2023-I/CQ,KhoaHocMayTinh,3.25,10.9,18,2,1,Dong,Nui,ChuyenGiaAI
70,QH-2024-I/CQ,CoDienTu,3.46,3.3,37,2,4,Xuan,Bien,NhaKhoaHocDuLieu
71,QH-2022-I/CQ,CNTT,2.67,6.1,11,5,5,Ha,Bien,KhoiNghiep
72,QH-2024-I/CQ,KhoaHocMayTinh,2.58,21.5,10,5,7,Xuan,Bien,KySuPhanMem
73,QH-2022-I/CQ,CNTT,2.94,12.1,12,8,8,Thu,Nui,NhaKhoaHocDuLieu
74,QH-2023-I/CQ,KTPM,3.61,12.9,53,3,3,Xuan,Bien,ChuyenGiaAI
75,QH-2024-I/CQ,KhoaHocMayTinh,3.85,22.7,24,4,6,Thu,Bien,KySuPhanMem
76,QH-2024-I/CQ,KTPM,2.93,22.2,81,1,6,Ha,Bien,KySuPhanMem
77,QH-2023-I/CQ,TriTueNhanTao,2.95,22.2,23,10,4,Ha,Nui,NhaKhoaHocDuLieu
78,QH-2024-I/CQ,DTVT,3.28,2.0,50,3,6,Thu,Nui,NhaKhoaHocDuLieu
79,QH-2023-I/CQ,TriTueNhanTao,3.33,33.5,18,7,5,Dong,Nui,KySuPhanMem
80,QH-2022-I/CQ,KTPM,2.99,2.2,17,4,10,Xuan,Nui,ChuyenGiaAI
81,QH-2022-I/CQ,KhoaHocMayTinh,3.08,5.8,45,1,7,Thu,Bien,KhoiNghiep
82,QH-2024-I/CQ,TriTueNhanTao,3.14,3.8,7,4,1,Ha,Nui,KySuPhanMem
83,QH-2022-I/CQ,KTPM,3.02,45.0,20,7,7,Ha,Bien,NhaKhoaHocDuLieu
84,QH-2023-I/CQ,CoDienTu,3.58,26.4,90,4,8,Dong,Nui,KySuPhanMem
85,QH-2023-I/CQ,TriTueNhanTao,3.33,15.1,43,1,8,Xuan,Nui,NhaKhoaHocDuLieu
86,QH-2022-I/CQ,DTVT,3.12,9.0,21,0,6,Ha,Bien,KySuPhanMem
87,QH-2023-I/CQ,TriTueNhanTao,3.13,8.1,7,7,4,Thu,Nui,ChuyenGiaAI
88,QH-2023-I/CQ,DTVT,3.71,2.4,7,0,2,Dong,Nui,NhaKhoaHocDuLieu
89,QH-2022-I/CQ,TriTueNhanTao,3.13,4.2,13,3,7,Xuan,Bien,NhaKhoaHocDuLieu
90,QH-2022-I/CQ,KhoaHocMayTinh,3.24,12.0,40,4,6,Dong,Nui,KySuPhanMem
91,QH-2024-I/CQ,CNTT,2.88,5.5,5,4,7,Thu,Bien,NhaKhoaHocDuLieu
92,QH-2023-I/CQ,CoDienTu,2.37,6.3,77,3,3,Ha,Nui,KySuNhung_IoT
93,QH-2022-I/CQ,CNTT,2.71,45.0,13,2,9,Ha,Bien,ChuyenGiaAI
94,QH-2024-I/CQ,CoDienTu,3.1,31.0,35,6,1,Thu,Bien,ChuyenGiaAI
95,QH-2022-I/CQ,KhoaHocMayTinh,2.74,17.3,29,1,7,Dong,Nui,KySuPhanMem
96,QH-2023-I/CQ,CNTT,2.7,7.4,8,6,4,Ha,Bien,ChuyenGiaAI
97,QH-2023-I/CQ,KhoaHocMayTinh,3.82,5.6,43,1,2,Thu,Bien,KySuPhanMem
98,QH-2022-I/CQ,CNTT,3.26,42.8,48,3,1,Dong,Nui,NhaKhoaHocDuLieu
99,QH-2023-I/CQ,CNTT,2.75,15.4,30,3,2,Dong,Bien,KySuPhanMem
100,QH-2022-I/CQ,KhoaHocMayTinh,2.8,36.4,14,1,3,Thu,Bien,ChuyenGiaAI
101,QH-2024-I/CQ,KTPM,3.8,6.4,20,8,9,Xuan,Bien,ChuyenGiaAI
102,QH-2024-I/CQ,TriTueNhanTao,3.66,11.3,24,3,1,Thu,Nui,ChuyenGiaAI
103,QH-2023-I/CQ,CNTT,2.88,38.1,48,6,8,Thu,Nui,NhaKhoaHocDuLieu
104,QH-2023-I/CQ,KTPM,3.54,43.4,70,4,5,Xuan,Nui,KhoiNghiep
105,QH-2022-I/CQ,TriTueNhanTao,3.19,12.0,7,5,6,Xuan,Nui,KySuPhanMem
106,QH-2022-I/CQ,TriTueNhanTao,2.91,12.9,12,11,5,Thu,Nui,KySuPhanMem
107,QH-2022-I/CQ,CNTT,2.74,12.7,5,7,5,Ha,Bien,KySuPhanMem
108,QH-2023-I/CQ,TriTueNhanTao,3.39,10.6,8,0,5,Xuan,Nui,KySuNhung_IoT
109,QH-2024-I/CQ,KTPM,3.12,45.0,46,3,5,Thu,Bien,KySuNhung_IoT
110,QH-2023-I/CQ,KhoaHocMayTinh,3.27,2.8,12,2,3,Ha,Nui,NhaKhoaHocDuLieu
111,QH-2023-I/CQ,KhoaHocMayTinh,2.54,3.5,28,6,8,Dong,Nui,KySuNhung_IoT
112,QH-2023-I/CQ,KTPM,2.83,9.3,17,6,7,Thu,Bien,KySuPhanMem
113,QH-2023-I/CQ,CNTT,3.27,3.2,35,3,7,Thu,Nui,KySuPhanMem
114,QH-2022-I/CQ,KTPM,2.71,26.8,67,0,8,Xuan,Bien,KySuPhanMem
115,QH-2022-I/CQ,KhoaHocMayTinh,3.32,5.0,8,7,7,Thu,Nui,ChuyenGiaAI
116,QH-2024-I/CQ,CoDienTu,2.86,22.5,26,3,5,Dong,Nui,KySuPhanMem
117,QH-2022-I/CQ,KTPM,3.25,7.2,9,0,8,Xuan,Nui,KhoiNghiep
118,QH-2022-I/CQ,TriTueNhanTao,3.64,4.9,17,2,7,Thu,Nui,NhaKhoaHocDuLieu
119,QH-2022-I/CQ,DTVT,3.55,2.6,7,7,3,Thu,Bien,KySuPhanMem
120,QH-2024-I/CQ,CNTT,3.33,8.7,12,2,3,Thu,Bien,NhaKhoaHocDuLieu
121,QH-2024-I/CQ,CNTT,3.45,19.5,37,9,5,Ha,Bien,KySuPhanMem
122,QH-2024-I/CQ,TriTueNhanTao,3.38,10.3,44,4,5,Dong,Bien,KySuPhanMem
123,QH-2022-I/CQ,DTVT,2.72,16.8,17,2,6,Ha,Nui,ChuyenGiaAI
124,QH-2024-I/CQ,CoDienTu,3.23,3.1,46,4,8,Thu,Bien,KySuPhanMem
125,QH-2023-I/CQ,CNTT,3.21,14.0,22,3,7,Ha,Nui,ChuyenGiaAI
126,QH-2022-I/CQ,CNTT,3.83,3.9,10,0,3,Thu,Bien,ChuyenGiaAI
127,QH-2023-I/CQ,KhoaHocMayTinh,2.7,15.7,52,2,1,Ha,Nui,KySuPhanMem
128,QH-2023-I/CQ,CNTT,2.26,9.0,13,4,6,Thu,Bien,NhaKhoaHocDuLieu
129,QH-2022-I/CQ,KTPM,3.05,45.0,7,7,4,Thu,Nui,ChuyenGiaAI
130,QH-2022-I/CQ,KTPM,2.96,21.9,28,2,8,Xuan,Bien,KySuPhanMem
131,QH-2023-I/CQ,CoDienTu,3.68,2.5,32,6,8,Thu,Bien,KySuNhung_IoT
132,QH-2023-I/CQ,KTPM,3.15,7.0,25,5,2,Xuan,Bien,ChuyenGiaAI
133,QH-2023-I/CQ,KTPM,3.8,13.1,9,0,8,Dong,Nui,ChuyenGiaAI
134,QH-2024-I/CQ,KTPM,3.47,12.8,66,3,7,Thu,Nui,ChuyenGiaAI
135,QH-2024-I/CQ,CoDienTu,3.33,15.3,21,3,7,Dong,Nui,ChuyenGiaAI
136,QH-2022-I/CQ,CNTT,3.22,3.8,7,4,5,Thu,Nui,KySuNhung_IoT
137,QH-2022-I/CQ,TriTueNhanTao,3.58,12.9,9,1,7,Thu,Nui,ChuyenGiaAI
138,QH-2022-I/CQ,KTPM,3.74,15.5,11,2,6,Thu,Bien,NhaKhoaHocDuLieu
139,QH-2023-I/CQ,CoDienTu,3.37,4.6,30,0,3,Thu,Nui,NhaKhoaHocDuLieu
140,QH-2023-I/CQ,CoDienTu,3.0,22.4,41,5,7,Thu,Nui,NhaKhoaHocDuLieu
141,QH-2022-I/CQ,TriTueNhanTao,2.97,3.1,9,4,3,Thu,Bien,KySuNhung_IoT
142,QH-2023-I/CQ,DTVT,3.33,34.0,17,2,7,Ha,Bien,KySuPhanMem
143,QH-2023-I/CQ,CoDienTu,3.49,20.8,8,1,5,Thu,Bien,ChuyenGiaAI
144,QH-2023-I/CQ,KhoaHocMayTinh,3.91,30.4,5,4,7,Dong,Nui,NhaKhoaHocDuLieu
145,QH-2023-I/CQ,CNTT,3.39,14.2,26,5,9,Ha,Bien,ChuyenGiaAI
146,QH-2024-I/CQ,CNTT,3.47,3.9,17,2,4,Ha,Bien,KySuPhanMem
147,QH-2023-I/CQ,CNTT,2.71,45.0,23,3,4,Thu,Nui,KySuPhanMem
148,QH-2022-I/CQ,KTPM,3.47,2.8,11,3,5,Thu,Nui,KySuPhanMem
149,QH-2023-I/CQ,KhoaHocMayTinh,3.28,20.1,19,2,4,Thu,Bien,ChuyenGiaAI
150,QH-2023-I/CQ,CNTT,2.65,4.7,39,5,4,Ha,Bien,ChuyenGiaAI
151,QH-2023-I/CQ,KTPM,3.19,7.3,38,2,7,Xuan,Bien,KySuNhung_IoT
152,QH-2024-I/CQ,KTPM,2.91,39.6,14,5,9,Ha,Nui,KySuPhanMem
153,QH-2022-I/CQ,TriTueNhanTao,3.66,22.7,22,5,5,Thu,Bien,ChuyenGiaAI
154,QH-2023-I/CQ,CNTT,3.33,9.0,18,3,1,Thu,Bien,ChuyenGiaAI
155,QH-2022-I/CQ,CNTT,2.93,21.4,30,2,7,Thu,Nui,KySuPhanMem
156,QH-2022-I/CQ,CNTT,3.12,14.4,15,4,5,Xuan,Bien,NhaKhoaHocDuLieu
157,QH-2023-I/CQ,TriTueNhanTao,2.74,8.1,28,2,6,Thu,Bien,NhaKhoaHocDuLieu
158,QH-2024-I/CQ,CNTT,3.38,19.9,32,4,8,Thu,Nui,KySuPhanMem
159,QH-2022-I/CQ,DTVT,2.36,9.1,7,5,4,Ha,Bien,KySuPhanMem
160,QH-2024-I/CQ,KTPM,2.48,6.3,9,3,2,Xuan,Bien,KySuPhanMem
161,QH-2022-I/CQ,TriTueNhanTao,3.22,7.4,24,7,1,Xuan,Nui,KySuPhanMem
162,QH-2023-I/CQ,CoDienTu,3.41,17.2,21,4,1,Xuan,Nui,ChuyenGiaAI
163,QH-2023-I/CQ,KhoaHocMayTinh,2.97,23.2,23,4,2,Xuan,Nui,KySuNhung_IoT
164,QH-2022-I/CQ,KhoaHocMayTinh,2.82,6.4,9,5,5,Dong,Nui,KySuPhanMem
165,QH-2022-I/CQ,KTPM,2.85,3.6,13,1,3,Xuan,Nui,KySuPhanMem
166,QH-2024-I/CQ,KhoaHocMayTinh,3.08,29.9,14,4,5,Dong,Bien,KhoiNghiep
167,QH-2024-I/CQ,KTPM,3.31,13.6,6,7,8,Thu,Bien,KySuPhanMem
168,QH-2024-I/CQ,KTPM,2.86,9.3,31,5,7,Ha,Bien,KySuPhanMem
169,QH-2024-I/CQ,KTPM,3.55,8.1,36,4,4,Ha,Bien,NhaKhoaHocDuLieu
170,QH-2022-I/CQ,CNTT,3.16,6.1,16,2,4,Dong,Bien,KySuPhanMem
171,QH-2024-I/CQ,TriTueNhanTao,3.27,45.0,19,5,7,Xuan,Bien,NhaKhoaHocDuLieu
172,QH-2022-I/CQ,CNTT,2.86,7.2,6,0,6,Thu,Bien,NhaKhoaHocDuLieu
173,QH-2022-I/CQ,KTPM,3.66,19.3,15,1,3,Xuan,Nui,KySuPhanMem
174,QH-2024-I/CQ,KhoaHocMayTinh,3.48,11.6,43,1,3,Xuan,Bien,NhaKhoaHocDuLieu
175,QH-2023-I/CQ,KhoaHocMayTinh,3.03,13.1,16,5,6,Thu,Nui,NhaKhoaHocDuLieu
176,QH-2022-I/CQ,KhoaHocMayTinh,3.21,10.7,14,3,5,Dong,Nui,KySuPhanMem
177,QH-2023-I/CQ,KhoaHocMayTinh,2.72,11.9,19,4,7,Xuan,Bien,KySuPhanMem
178,QH-2024-I/CQ,DTVT,3.22,13.9,25,3,9,Dong,Nui,KySuPhanMem
179,QH-2022-I/CQ,KhoaHocMayTinh,3.45,13.6,45,7,7,Xuan,Nui,KySuPhanMem
180,QH-2022-I/CQ,KTPM,3.66,8.5,17,5,8,Thu,Bien,KySuNhung_IoT
181,QH-2024-I/CQ,CNTT,3.36,6.7,29,5,4,Xuan,Nui,KySuPhanMem
182,QH-2023-I/CQ,TriTueNhanTao,3.12,26.3,30,4,4,Ha,Nui,KySuPhanMem
183,QH-2023-I/CQ,CNTT,3.51,6.1,10,3,5,Ha,Nui,ChuyenGiaAI
184,QH-2023-I/CQ,KTPM,2.84,12.2,22,6,4,Ha,Nui,KySuPhanMem
185,QH-2022-I/CQ,KTPM,3.1,9.0,12,1,4,Thu,Nui,ChuyenGiaAI
186,QH-2022-I/CQ,CNTT,3.22,18.2,11,9,7,Ha,Bien,KySuPhanMem
187,QH-2023-I/CQ,TriTueNhanTao,3.73,2.1,23,6,8,Dong,Nui,NhaKhoaHocDuLieu
188,QH-2022-I/CQ,TriTueNhanTao,3.0,6.1,12,8,7,Thu,Bien,ChuyenGiaAI
189,QH-2022-I/CQ,CoDienTu,3.56,4.3,60,8,8,Ha,Nui,KhoiNghiep
190,QH-2023-I/CQ,DTVT,3.17,2.1,23,9,9,Ha,Nui,NhaKhoaHocDuLieu
191,QH-2023-I/CQ,DTVT,3.5,5.8,41,6,4,Thu,Nui,KySuPhanMem
192,QH-2023-I/CQ,TriTueNhanTao,3.75,12.1,36,6,9,Dong,Nui,NhaKhoaHocDuLieu
193,QH-2022-I/CQ,KTPM,3.98,9.8,65,8,8,Ha,Bien,KySuPhanMem
194,QH-2024-I/CQ,TriTueNhanTao,3.2,2.1,28,3,5,Xuan,Bien,NhaKhoaHocDuLieu
195,QH-2024-I/CQ,CoDienTu,3.7,16.1,27,1,7,Ha,Nui,NhaKhoaHocDuLieu
196,QH-2023-I/CQ,TriTueNhanTao,3.04,13.2,17,1,5,Thu,Nui,KySuPhanMem
197,QH-2022-I/CQ,TriTueNhanTao,2.6,10.9,22,1,2,Xuan,Nui,KySuNhung_IoT
198,QH-2022-I/CQ,KhoaHocMayTinh,3.86,3.9,14,2,5,Xuan,Nui,KySuPhanMem
199,QH-2024-I/CQ,KTPM,3.38,8.4,23,4,2,Ha,Bien,KySuPhanMem
200,QH-2022-I/CQ,TriTueNhanTao,2.96,12.4,6,3,6,Dong,Nui,KySuPhanMem
201,QH-2023-I/CQ,CNTT,2.6,19.4,89,6,4,Dong,Nui,KySuNhung_IoT
202,QH-2023-I/CQ,KTPM,2.85,15.8,29,0,5,Ha,Bien,NhaKhoaHocDuLieu
203,QH-2024-I/CQ,CNTT,3.93,18.9,89,3,2,Ha,Bien,KySuPhanMem
204,QH-2023-I/CQ,KTPM,3.33,5.9,66,4,4,Thu,Bien,ChuyenGiaAI
205,QH-2022-I/CQ,CNTT,3.67,9.1,30,5,7,Xuan,Bien,NhaKhoaHocDuLieu
206,QH-2022-I/CQ,CNTT,2.96,45.0,11,7,4,Thu,Nui,ChuyenGiaAI
207,QH-2022-I/CQ,KTPM,3.55,5.0,13,7,10,Dong,Nui,ChuyenGiaAI
208,QH-2023-I/CQ,KhoaHocMayTinh,3.54,2.6,14,2,4,Thu,Nui,NhaKhoaHocDuLieu
209,QH-2023-I/CQ,KTPM,3.19,24.7,13,1,4,Dong,Nui,KhoiNghiep
210,QH-2024-I/CQ,KhoaHocMayTinh,2.48,7.9,11,3,6,Ha,Bien,NhaKhoaHocDuLieu
211,QH-2022-I/CQ,CNTT,2.79,2.5,7,6,6,Thu,Bien,KySuPhanMem
212,QH-2023-I/CQ,KTPM,2.68,30.8,10,5,9,Thu,Nui,KySuNhung_IoT
213,QH-2024-I/CQ,KhoaHocMayTinh,3.43,11.6,38,9,4,Ha,Bien,NhaKhoaHocDuLieu
214,QH-2023-I/CQ,KhoaHocMayTinh,3.52,21.5,33,4,4,Xuan,Bien,KySuPhanMem
215,QH-2022-I/CQ,TriTueNhanTao,3.69,12.5,33,4,5,Ha,Bien,KySuPhanMem
216,QH-2024-I/CQ,TriTueNhanTao,3.43,15.9,12,7,1,Thu,Bien,KySuPhanMem
217,QH-2023-I/CQ,CNTT,3.09,31.9,22,1,5,Xuan,Nui,KhoiNghiep
218,QH-2024-I/CQ,CNTT,3.07,2.1,8,3,5,Xuan,Bien,NhaKhoaHocDuLieu
219,QH-2022-I/CQ,KhoaHocMayTinh,2.9,9.9,20,1,8,Xuan,Nui,KySuPhanMem
220,QH-2023-I/CQ,CNTT,3.2,22.1,30,6,1,Xuan,Bien,KySuPhanMem
221,QH-2022-I/CQ,KhoaHocMayTinh,3.17,21.0,7,6,8,Ha,Bien,KySuPhanMem
222,QH-2022-I/CQ,TriTueNhanTao,3.07,25.4,36,6,7,Thu,Bien,KySuPhanMem
223,QH-2022-I/CQ,CNTT,3.5,6.8,88,1,10,Dong,Bien,KySuNhung_IoT
224,QH-2024-I/CQ,DTVT,3.04,9.7,6,9,8,Dong,Nui,KySuPhanMem
225,QH-2023-I/CQ,CNTT,3.24,22.6,43,5,7,Thu,Nui,KySuNhung_IoT
226,QH-2024-I/CQ,DTVT,3.03,6.8,36,8,10,Thu,Nui,KhoiNghiep
227,QH-2022-I/CQ,CNTT,3.2,13.2,26,5,1,Ha,Bien,ChuyenGiaAI
228,QH-2023-I/CQ,KhoaHocMayTinh,2.58,7.3,67,0,7,Thu,Bien,ChuyenGiaAI
229,QH-2022-I/CQ,TriTueNhanTao,3.38,16.9,27,4,5,Xuan,Bien,KySuPhanMem
230,QH-2023-I/CQ,TriTueNhanTao,2.83,3.3,7,1,7,Thu,Bien,KySuPhanMem
231,QH-2024-I/CQ,CNTT,2.89,7.8,13,2,5,Dong,Nui,KhoiNghiep
232,QH-2024-I/CQ,KhoaHocMayTinh,3.29,15.9,9,3,7,Xuan,Bien,KySuPhanMem
233,QH-2023-I/CQ,KhoaHocMayTinh,3.45,5.4,27,5,4,Xuan,Bien,KhoiNghiep
234,QH-2023-I/CQ,DTVT,3.03,7.7,49,1,6,Thu,Nui,NhaKhoaHocDuLieu
235,QH-2023-I/CQ,KTPM,3.43,6.5,78,3,7,Thu,Bien,NhaKhoaHocDuLieu
236,QH-2022-I/CQ,KTPM,3.12,5.9,39,0,9,Xuan,Nui,KySuPhanMem
237,QH-2024-I/CQ,CNTT,3.04,4.8,40,0,6,Thu,Nui,ChuyenGiaAI
238,QH-2022-I/CQ,KhoaHocMayTinh,3.05,5.3,29,3,2,Xuan,Nui,NhaKhoaHocDuLieu
239,QH-2023-I/CQ,KhoaHocMayTinh,3.9,8.5,6,1,9,Thu,Nui,KySuNhung_IoT
240,QH-2022-I/CQ,TriTueNhanTao,3.06,14.9,15,3,5,Dong,Nui,NhaKhoaHocDuLieu
241,QH-2023-I/CQ,CoDienTu,3.13,5.6,21,4,3,Thu,Bien,NhaKhoaHocDuLieu
242,QH-2024-I/CQ,KhoaHocMayTinh,3.12,10.3,14,5,6,Ha,Nui,KySuPhanMem
243,QH-2024-I/CQ,CNTT,3.01,4.8,20,6,3,Thu,Bien,KySuPhanMem
244,QH-2024-I/CQ,CNTT,3.24,24.7,28,3,4,Dong,Bien,KySuPhanMem
245,QH-2022-I/CQ,KTPM,2.78,21.2,27,5,7,Ha,Bien,KySuNhung_IoT
246,QH-2023-I/CQ,KhoaHocMayTinh,3.72,7.9,32,5,9,Thu,Bien,KySuPhanMem
247,QH-2024-I/CQ,CNTT,2.98,5.7,49,6,2,Thu,Nui,NhaKhoaHocDuLieu
248,QH-2023-I/CQ,KTPM,3.08,9.3,9,2,2,Dong,Nui,ChuyenGiaAI
249,QH-2023-I/CQ,CNTT,3.09,16.2,21,5,4,Ha,Bien,ChuyenGiaAI
250,QH-2024-I/CQ,CoDienTu,3.29,34.0,9,5,7,Xuan,Nui,ChuyenGiaAI
251,QH-2023-I/CQ,CoDienTu,2.92,7.8,23,4,4,Ha,Bien,NhaKhoaHocDuLieu
252,QH-2022-I/CQ,CNTT,2.84,2.4,36,3,7,Thu,Bien,NhaKhoaHocDuLieu
253,QH-2024-I/CQ,TriTueNhanTao,2.7,12.2,12,4,1,Thu,Nui,ChuyenGiaAI
254,QH-2023-I/CQ,KhoaHocMayTinh,2.85,45.0,7,6,2,Ha,Nui,NhaKhoaHocDuLieu
255,QH-2023-I/CQ,DTVT,3.86,3.5,42,6,6,Thu,Nui,ChuyenGiaAI
256,QH-2023-I/CQ,CNTT,3.81,3.8,10,4,6,Ha,Bien,NhaKhoaHocDuLieu
257,QH-2023-I/CQ,CoDienTu,3.04,38.5,21,7,9,Xuan,Nui,NhaKhoaHocDuLieu
258,QH-2022-I/CQ,CoDienTu,2.75,26.2,8,5,4,Thu,Nui,ChuyenGiaAI
259,QH-2024-I/CQ,KTPM,3.53,13.9,15,6,9,Thu,Bien,ChuyenGiaAI
260,QH-2024-I/CQ,CoDienTu,3.51,7.5,71,4,6,Thu,Nui,ChuyenGiaAI
261,QH-2023-I/CQ,KhoaHocMayTinh,2.93,21.1,16,0,10,Ha,Bien,KySuPhanMem
262,QH-2024-I/CQ,KhoaHocMayTinh,3.03,12.0,20,2,8,Xuan,Bien,ChuyenGiaAI
263,QH-2023-I/CQ,CNTT,3.39,9.3,90,3,1,Dong,Nui,KySuPhanMem
264,QH-2023-I/CQ,CNTT,3.76,7.4,7,2,3,Xuan,Nui,ChuyenGiaAI
265,QH-2022-I/CQ,KTPM,3.33,4.9,7,4,3,Ha,Bien,KySuPhanMem
266,QH-2022-I/CQ,CoDienTu,2.91,8.6,8,6,6,Thu,Bien,KySuPhanMem
267,QH-2023-I/CQ,CNTT,3.28,3.7,90,0,7,Xuan,Nui,NhaKhoaHocDuLieu
268,QH-2024-I/CQ,CNTT,3.56,18.6,61,2,4,Xuan,Nui,KySuPhanMem
269,QH-2022-I/CQ,KhoaHocMayTinh,2.41,6.5,8,8,5,Thu,Nui,ChuyenGiaAI
270,QH-2024-I/CQ,CNTT,3.35,24.5,51,5,8,Xuan,Bien,ChuyenGiaAI
271,QH-2022-I/CQ,KhoaHocMayTinh,3.54,12.8,22,6,10,Dong,Bien,KySuNhung_IoT
272,QH-2024-I/CQ,KTPM,3.02,11.5,9,0,7,Xuan,Nui,KySuPhanMem
273,QH-2022-I/CQ,CNTT,3.84,10.5,27,5,3,Thu,Bien,NhaKhoaHocDuLieu
274,QH-2024-I/CQ,CNTT,3.18,3.0,7,10,3,Xuan,Bien,NhaKhoaHocDuLieu
275,QH-2024-I/CQ,TriTueNhanTao,3.75,17.7,46,5,6,Ha,Bien,ChuyenGiaAI
276,QH-2023-I/CQ,TriTueNhanTao,3.24,14.9,9,5,6,Xuan,Bien,KySuPhanMem
277,QH-2024-I/CQ,TriTueNhanTao,3.14,3.6,38,2,5,Thu,Bien,ChuyenGiaAI
278,QH-2023-I/CQ,KhoaHocMayTinh,3.98,5.7,86,2,4,Thu,Bien,KySuNhung_IoT
279,QH-2022-I/CQ,KTPM,3.17,12.2,33,5,6,Xuan,Nui,KySuPhanMem
280,QH-2023-I/CQ,KTPM,3.65,32.3,9,4,5,Thu,Nui,ChuyenGiaAI
281,QH-2022-I/CQ,KTPM,2.63,5.8,7,6,4,Dong,Bien,ChuyenGiaAI
282,QH-2022-I/CQ,CoDienTu,3.52,2.9,19,3,10,Ha,Bien,KySuPhanMem
283,QH-2022-I/CQ,KTPM,3.32,5.3,15,0,10,Thu,Nui,NhaKhoaHocDuLieu
284,QH-2022-I/CQ,CNTT,2.93,34.3,6,0,5,Thu,Bien,KySuPhanMem
285,QH-2024-I/CQ,KTPM,3.15,4.8,90,2,1,Dong,Bien,KySuPhanMem
286,QH-2022-I/CQ,CoDienTu,3.67,29.3,21,3,3,Dong,Bien,KySuPhanMem
287,QH-2022-I/CQ,KhoaHocMayTinh,2.76,2.8,29,6,7,Dong,Nui,NhaKhoaHocDuLieu
288,QH-2024-I/CQ,KTPM,3.42,9.2,11,5,5,Thu,Bien,KySuPhanMem
289,QH-2023-I/CQ,KhoaHocMayTinh,2.77,42.1,10,5,5,Xuan,Bien,ChuyenGiaAI
290,QH-2024-I/CQ,TriTueNhanTao,3.47,2.5,45,3,6,Ha,Bien,NhaKhoaHocDuLieu
291,QH-2024-I/CQ,KTPM,3.29,38.5,47,2,3,Xuan,Bien,ChuyenGiaAI
292,QH-2022-I/CQ,CNTT,3.01,23.3,90,7,9,Ha,Bien,ChuyenGiaAI
293,QH-2024-I/CQ,KhoaHocMayTinh,3.32,45.0,10,3,3,Xuan,Nui,ChuyenGiaAI
294,QH-2022-I/CQ,CNTT,2.6,9.4,9,0,4,Ha,Bien,ChuyenGiaAI
295,QH-2022-I/CQ,KTPM,3.45,9.1,9,3,3,Thu,Bien,KySuNhung_IoT
296,QH-2023-I/CQ,CNTT,2.82,5.9,8,5,10,Thu,Nui,ChuyenGiaAI
297,QH-2022-I/CQ,CoDienTu,3.26,11.4,20,1,8,Ha,Bien,KySuPhanMem
298,QH-2022-I/CQ,CNTT,2.93,22.0,12,5,3,Ha,Bien,KySuPhanMem
299,QH-2022-I/CQ,CNTT,3.01,22.3,60,2,10,Xuan,Nui,ChuyenGiaAI
300,QH-2023-I/CQ,CoDienTu,3.64,45.0,9,4,7,Thu,Bien,NhaKhoaHocDuLieu
301,QH-2024-I/CQ,TriTueNhanTao,3.67,11.9,10,3,10,Ha,Bien,NhaKhoaHocDuLieu
302,QH-2022-I/CQ,CNTT,3.12,13.0,5,1,6,Thu,Nui,KySuPhanMem
303,QH-2022-I/CQ,CoDienTu,3.38,2.3,24,2,9,Thu,Nui,KhoiNghiep
304,QH-2023-I/CQ,TriTueNhanTao,2.84,15.0,24,3,7,Dong,Nui,NhaKhoaHocDuLieu
305,QH-2024-I/CQ,CoDienTu,3.03,43.6,31,2,9,Ha,Bien,KySuPhanMem
306,QH-2023-I/CQ,TriTueNhanTao,2.88,6.2,9,8,6,Thu,Nui,ChuyenGiaAI
307,QH-2024-I/CQ,CNTT,2.46,43.1,10,0,1,Xuan,Nui,KySuPhanMem
308,QH-2023-I/CQ,CNTT,2.8,28.0,7,3,2,Dong,Nui,KySuPhanMem
309,QH-2022-I/CQ,TriTueNhanTao,2.76,17.3,6,7,3,Xuan,Bien,KySuNhung_IoT
310,QH-2023-I/CQ,KhoaHocMayTinh,3.34,3.3,19,6,3,Thu,Bien,KySuPhanMem
311,QH-2022-I/CQ,KTPM,2.77,2.9,9,9,3,Thu,Nui,KySuPhanMem
312,QH-2024-I/CQ,CoDienTu,3.64,28.8,32,0,7,Thu,Bien,KySuPhanMem
313,QH-2023-I/CQ,CNTT,3.41,17.4,34,7,5,Ha,Bien,NhaKhoaHocDuLieu
314,QH-2023-I/CQ,CNTT,3.5,7.4,17,3,9,Thu,Bien,KySuPhanMem
315,QH-2022-I/CQ,KhoaHocMayTinh,3.63,3.5,39,3,1,Ha,Bien,NhaKhoaHocDuLieu
316,QH-2023-I/CQ,DTVT,3.33,7.5,18,3,8,Ha,Bien,KySuPhanMem
317,QH-2024-I/CQ,TriTueNhanTao,3.5,11.4,83,5,3,Thu,Nui,NhaKhoaHocDuLieu
318,QH-2024-I/CQ,TriTueNhanTao,2.91,35.1,24,4,7,Ha,Nui,KySuPhanMem
319,QH-2024-I/CQ,CoDienTu,3.37,13.6,8,0,6,Dong,Nui,ChuyenGiaAI
320,QH-2022-I/CQ,CNTT,2.93,3.0,30,5,9,Xuan,Nui,KySuPhanMem
321,QH-2024-I/CQ,CoDienTu,3.54,8.1,14,5,5,Dong,Nui,ChuyenGiaAI
322,QH-2024-I/CQ,TriTueNhanTao,3.62,3.4,9,1,4,Dong,Bien,KySuPhanMem
323,QH-2022-I/CQ,TriTueNhanTao,3.73,27.2,12,0,4,Ha,Bien,NhaKhoaHocDuLieu
324,QH-2024-I/CQ,KhoaHocMayTinh,2.75,16.2,6,5,4,Ha,Bien,KhoiNghiep
325,QH-2023-I/CQ,CNTT,3.32,5.9,20,2,5,Dong,Bien,KhoiNghiep
326,QH-2023-I/CQ,TriTueNhanTao,3.01,6.6,34,3,5,Ha,Nui,NhaKhoaHocDuLieu
327,QH-2023-I/CQ,TriTueNhanTao,3.68,10.7,9,0,5,Xuan,Nui,KySuNhung_IoT
328,QH-2022-I/CQ,CNTT,3.62,27.0,10,4,6,Xuan,Bien,KySuPhanMem
329,QH-2023-I/CQ,DTVT,2.61,3.6,6,4,3,Xuan,Nui,NhaKhoaHocDuLieu
330,QH-2023-I/CQ,KTPM,3.57,23.8,12,4,5,Xuan,Bien,KySuNhung_IoT
331,QH-2022-I/CQ,DTVT,2.82,5.8,17,1,9,Thu,Bien,KySuNhung_IoT
332,QH-2024-I/CQ,CNTT,3.27,21.4,11,0,2,Thu,Nui,KySuPhanMem
333,QH-2023-I/CQ,DTVT,2.91,6.3,21,4,3,Xuan,Nui,KhoiNghiep
334,QH-2023-I/CQ,KhoaHocMayTinh,2.81,12.8,12,3,3,Ha,Bien,KySuPhanMem
335,QH-2023-I/CQ,KTPM,2.98,6.3,9,0,6,Thu,Nui,ChuyenGiaAI
336,QH-2024-I/CQ,KTPM,2.33,3.8,6,2,6,Dong,Nui,ChuyenGiaAI
337,QH-2024-I/CQ,TriTueNhanTao,2.95,17.6,11,3,2,Dong,Nui,NhaKhoaHocDuLieu
338,QH-2022-I/CQ,DTVT,3.03,27.1,9,5,6,Ha,Nui,ChuyenGiaAI
339,QH-2022-I/CQ,CoDienTu,3.65,5.0,11,2,7,Dong,Nui,NhaKhoaHocDuLieu
340,QH-2023-I/CQ,DTVT,2.88,9.6,49,0,3,Xuan,Nui,NhaKhoaHocDuLieu
341,QH-2024-I/CQ,KTPM,3.14,25.1,8,4,6,Thu,Nui,NhaKhoaHocDuLieu
342,QH-2023-I/CQ,DTVT,3.57,4.4,7,0,10,Ha,Bien,NhaKhoaHocDuLieu
343,QH-2022-I/CQ,TriTueNhanTao,3.51,10.1,37,7,8,Thu,Bien,KhoiNghiep
344,QH-2023-I/CQ,CNTT,3.47,11.2,34,9,4,Thu,Nui,KySuPhanMem
345,QH-2022-I/CQ,KhoaHocMayTinh,3.18,7.1,8,8,3,Xuan,Nui,KySuPhanMem
346,QH-2023-I/CQ,KhoaHocMayTinh,3.54,10.8,21,0,7,Xuan,Nui,NhaKhoaHocDuLieu
347,QH-2022-I/CQ,CNTT,3.79,2.2,11,1,7,Xuan,Nui,KySuPhanMem
348,QH-2024-I/CQ,TriTueNhanTao,3.15,2.5,51,4,8,Xuan,Nui,ChuyenGiaAI
349,QH-2024-I/CQ,DTVT,3.37,9.1,8,4,5,Xuan,Nui,KySuPhanMem
350,QH-2023-I/CQ,TriTueNhanTao,3.8,15.0,12,3,5,Thu,Bien,ChuyenGiaAI
351,QH-2022-I/CQ,KTPM,3.28,13.3,38,1,8,Ha,Bien,KySuPhanMem
352,QH-2024-I/CQ,KhoaHocMayTinh,2.24,4.8,65,4,6,Thu,Nui,KySuNhung_IoT
353,QH-2024-I/CQ,KhoaHocMayTinh,3.84,2.9,33,2,8,Ha,Nui,KySuPhanMem
354,QH-2022-I/CQ,CNTT,2.86,4.3,6,3,9,Ha,Bien,KySuPhanMem
355,QH-2022-I/CQ,CNTT,3.55,6.8,54,6,7,Thu,Bien,KySuPhanMem
356,QH-2022-I/CQ,KTPM,3.09,41.3,12,0,8,Thu,Nui,ChuyenGiaAI
357,QH-2022-I/CQ,CNTT,3.01,24.3,7,0,8,Thu,Bien,ChuyenGiaAI
358,QH-2023-I/CQ,KhoaHocMayTinh,2.94,25.8,52,3,1,Ha,Bien,KySuNhung_IoT
359,QH-2023-I/CQ,CNTT,3.15,16.6,30,6,6,Thu,Nui,ChuyenGiaAI
360,QH-2023-I/CQ,KhoaHocMayTinh,2.66,16.0,26,0,7,Ha,Bien,ChuyenGiaAI
361,QH-2022-I/CQ,DTVT,2.1,2.7,28,1,8,Dong,Nui,KySuPhanMem
362,QH-2023-I/CQ,KTPM,3.83,6.8,12,1,5,Ha,Nui,KySuPhanMem
363,QH-2023-I/CQ,DTVT,2.43,9.1,8,5,2,Xuan,Bien,NhaKhoaHocDuLieu
364,QH-2022-I/CQ,DTVT,3.19,20.8,78,0,2,Thu,Nui,NhaKhoaHocDuLieu
365,QH-2023-I/CQ,KTPM,3.45,9.3,23,4,4,Thu,Nui,KySuPhanMem
366,QH-2024-I/CQ,CNTT,2.87,7.0,44,6,5,Thu,Nui,KySuPhanMem
367,QH-2022-I/CQ,KhoaHocMayTinh,3.47,8.3,11,0,6,Dong,Bien,KySuNhung_IoT
368,QH-2022-I/CQ,TriTueNhanTao,3.37,3.4,17,8,4,Thu,Nui,NhaKhoaHocDuLieu
369,QH-2024-I/CQ,KhoaHocMayTinh,2.15,2.1,34,4,3,Thu,Nui,ChuyenGiaAI
370,QH-2022-I/CQ,TriTueNhanTao,3.04,4.3,42,7,7,Thu,Bien,KySuNhung_IoT
371,QH-2023-I/CQ,CoDienTu,3.77,5.8,78,2,8,Xuan,Bien,ChuyenGiaAI
372,QH-2024-I/CQ,KhoaHocMayTinh,3.1,24.2,22,2,9,Thu,Bien,KySuPhanMem
373,QH-2024-I/CQ,KTPM,2.84,45.0,28,7,8,Thu,Bien,KySuPhanMem
374,QH-2023-I/CQ,KhoaHocMayTinh,3.06,12.5,68,3,2,Dong,Nui,KySuNhung_IoT
375,QH-2023-I/CQ,DTVT,3.09,3.9,29,4,7,Xuan,Bien,KySuPhanMem
376,QH-2022-I/CQ,TriTueNhanTao,3.81,6.2,36,8,6,Xuan,Nui,ChuyenGiaAI
377,QH-2022-I/CQ,TriTueNhanTao,2.91,20.4,40,3,5,Dong,Nui,KhoiNghiep
378,QH-2024-I/CQ,KTPM,3.75,11.6,5,4,9,Thu,Nui,KySuNhung_IoT
379,QH-2024-I/CQ,TriTueNhanTao,2.78,11.5,25,0,6,Ha,Bien,ChuyenGiaAI
380,QH-2022-I/CQ,CoDienTu,2.16,17.9,8,6,6,Ha,Bien,KySuNhung_IoT
381,QH-2022-I/CQ,KTPM,3.12,4.0,14,2,10,Thu,Nui,NhaKhoaHocDuLieu
382,QH-2024-I/CQ,KhoaHocMayTinh,3.47,2.9,32,0,5,Thu,Nui,KySuPhanMem
383,QH-2024-I/CQ,KhoaHocMayTinh,3.42,4.9,14,5,5,Thu,Nui,KhoiNghiep
384,QH-2024-I/CQ,CNTT,3.4,15.3,18,7,4,Thu,Nui,ChuyenGiaAI
385,QH-2023-I/CQ,KTPM,3.24,5.6,33,3,8,Thu,Nui,NhaKhoaHocDuLieu
386,QH-2023-I/CQ,CNTT,3.25,29.4,10,0,5,Xuan,Nui,NhaKhoaHocDuLieu
387,QH-2022-I/CQ,KhoaHocMayTinh,3.32,4.9,30,7,6,Thu,Nui,ChuyenGiaAI
388,QH-2023-I/CQ,KhoaHocMayTinh,2.95,35.7,35,5,8,Ha,Bien,KySuPhanMem
389,QH-2023-I/CQ,KhoaHocMayTinh,2.92,5.6,16,3,4,Xuan,Nui,NhaKhoaHocDuLieu
390,QH-2024-I/CQ,TriTueNhanTao,2.87,2.8,35,8,7,Ha,Bien,KySuPhanMem
391,QH-2024-I/CQ,KTPM,3.76,8.9,16,6,4,Thu,Bien,NhaKhoaHocDuLieu
392,QH-2024-I/CQ,KTPM,2.8,14.1,13,9,2,Dong,Nui,KhoiNghiep
393,QH-2022-I/CQ,KhoaHocMayTinh,2.99,2.1,25,3,1,Ha,Bien,KySuNhung_IoT
394,QH-2023-I/CQ,CNTT,2.96,30.3,47,5,7,Thu,Bien,KySuPhanMem
395,QH-2024-I/CQ,TriTueNhanTao,3.65,34.3,90,0,3,Ha,Bien,KySuPhanMem
396,QH-2024-I/CQ,KhoaHocMayTinh,3.3,38.3,15,3,4,Ha,Bien,KySuPhanMem
397,QH-2023-I/CQ,KhoaHocMayTinh,2.93,12.5,23,2,4,Ha,Bien,KySuPhanMem
398,QH-2022-I/CQ,TriTueNhanTao,3.44,14.3,12,1,8,Ha,Bien,NhaKhoaHocDuLieu
399,QH-2023-I/CQ,KhoaHocMayTinh,3.63,3.0,12,6,8,Xuan,Nui,ChuyenGiaAI
400,QH-2024-I/CQ,CNTT,2.43,2.2,21,7,6,Ha,Bien,KySuNhung_IoT
401,QH-2024-I/CQ,KTPM,3.57,14.7,9,2,2,Thu,Nui,KySuPhanMem
402,QH-2024-I/CQ,KhoaHocMayTinh,3.71,8.1,20,1,2,Thu,Nui,KySuPhanMem
403,QH-2024-I/CQ,CNTT,3.46,12.0,50,6,8,Dong,Bien,ChuyenGiaAI
404,QH-2022-I/CQ,CNTT,3.7,7.5,6,5,10,Ha,Bien,NhaKhoaHocDuLieu
405,QH-2022-I/CQ,CNTT,3.07,43.5,27,3,5,Thu,Nui,NhaKhoaHocDuLieu
406,QH-2023-I/CQ,KTPM,3.83,14.7,45,1,5,Dong,Nui,NhaKhoaHocDuLieu
407,QH-2023-I/CQ,KhoaHocMayTinh,2.64,10.4,8,4,6,Thu,Bien,KySuPhanMem
408,QH-2023-I/CQ,KhoaHocMayTinh,3.32,22.4,29,2,7,Xuan,Nui,NhaKhoaHocDuLieu
409,QH-2024-I/CQ,CNTT,3.22,2.5,24,3,7,Xuan,Nui,KySuPhanMem
410,QH-2023-I/CQ,CoDienTu,3.66,10.7,16,7,5,Dong,Nui,KySuNhung_IoT
411,QH-2022-I/CQ,CNTT,2.83,9.9,10,2,4,Thu,Nui,ChuyenGiaAI
412,QH-2024-I/CQ,KTPM,3.3,17.5,14,1,6,Ha,Bien,KySuPhanMem
413,QH-2022-I/CQ,KhoaHocMayTinh,3.69,23.0,25,2,8,Thu,Nui,NhaKhoaHocDuLieu
414,QH-2022-I/CQ,CNTT,3.95,14.9,56,4,5,Dong,Nui,NhaKhoaHocDuLieu
415,QH-2023-I/CQ,KTPM,3.65,5.1,41,5,6,Thu,Nui,ChuyenGiaAI
416,QH-2024-I/CQ,KhoaHocMayTinh,2.8,8.7,11,4,1,Xuan,Nui,NhaKhoaHocDuLieu
417,QH-2023-I/CQ,CNTT,3.0,12.4,8,0,9,Thu,Bien,NhaKhoaHocDuLieu
418,QH-2022-I/CQ,KTPM,3.21,12.6,12,1,5,Thu,Nui,NhaKhoaHocDuLieu
419,QH-2022-I/CQ,KTPM,3.28,7.5,23,1,5,Ha,Bien,ChuyenGiaAI
420,QH-2024-I/CQ,CNTT,3.52,5.1,39,5,5,Thu,Nui,ChuyenGiaAI
421,QH-2024-I/CQ,TriTueNhanTao,3.12,42.1,5,2,7,Dong,Nui,KySuPhanMem
422,QH-2022-I/CQ,KTPM,3.3,13.3,33,6,5,Thu,Bien,KhoiNghiep
423,QH-2022-I/CQ,CoDienTu,3.42,8.9,10,0,3,Ha,Bien,NhaKhoaHocDuLieu
424,QH-2024-I/CQ,TriTueNhanTao,2.58,13.5,30,1,8,Dong,Bien,KySuPhanMem
425,QH-2023-I/CQ,KTPM,2.76,10.8,34,6,6,Ha,Nui,KySuNhung_IoT
426,QH-2023-I/CQ,KTPM,3.25,22.3,11,6,5,Ha,Bien,KySuPhanMem
427,QH-2024-I/CQ,CNTT,3.48,37.3,41,5,10,Thu,Nui,ChuyenGiaAI
428,QH-2023-I/CQ,KhoaHocMayTinh,2.96,19.6,36,6,5,Ha,Bien,KySuPhanMem
429,QH-2022-I/CQ,KTPM,2.66,5.0,32,7,6,Ha,Bien,ChuyenGiaAI
430,QH-2023-I/CQ,CNTT,2.79,3.2,30,4,5,Dong,Nui,NhaKhoaHocDuLieu
431,QH-2024-I/CQ,KTPM,3.75,30.9,20,2,7,Dong,Bien,KySuPhanMem
432,QH-2022-I/CQ,DTVT,3.8,7.3,38,4,6,Dong,Nui,KySuPhanMem
433,QH-2024-I/CQ,CoDienTu,3.4,6.5,55,2,8,Ha,Bien,ChuyenGiaAI
434,QH-2024-I/CQ,KTPM,2.82,5.0,24,8,7,Ha,Bien,NhaKhoaHocDuLieu
435,QH-2023-I/CQ,DTVT,3.25,3.5,21,1,5,Thu,Bien,KySuPhanMem
436,QH-2023-I/CQ,KhoaHocMayTinh,3.23,5.6,22,4,8,Thu,Bien,NhaKhoaHocDuLieu
437,QH-2022-I/CQ,KTPM,3.19,8.1,18,1,1,Thu,Nui,ChuyenGiaAI
438,QH-2022-I/CQ,KhoaHocMayTinh,2.7,25.3,10,5,2,Ha,Bien,NhaKhoaHocDuLieu
439,QH-2022-I/CQ,CoDienTu,3.46,17.3,39,1,5,Thu,Bien,ChuyenGiaAI
440,QH-2022-I/CQ,CNTT,3.67,5.5,45,7,8,Ha,Bien,NhaKhoaHocDuLieu
441,QH-2023-I/CQ,KTPM,2.86,15.7,25,5,3,Thu,Nui,KySuPhanMem
442,QH-2023-I/CQ,TriTueNhanTao,2.91,10.0,34,6,4,Ha,Bien,KySuPhanMem
443,QH-2022-I/CQ,KhoaHocMayTinh,3.56,13.4,16,3,6,Ha,Bien,ChuyenGiaAI
444,QH-2024-I/CQ,KTPM,3.09,14.4,12,0,7,Ha,Bien,KhoiNghiep
445,QH-2023-I/CQ,CNTT,3.31,5.2,11,3,5,Xuan,Bien,KySuPhanMem
446,QH-2023-I/CQ,KhoaHocMayTinh,2.51,2.3,16,4,5,Ha,Bien,ChuyenGiaAI
447,QH-2023-I/CQ,KTPM,3.19,13.8,8,6,6,Thu,Nui,KySuPhanMem
448,QH-2023-I/CQ,KhoaHocMayTinh,3.1,26.6,65,2,5,Dong,Nui,NhaKhoaHocDuLieu
449,QH-2023-I/CQ,KhoaHocMayTinh,2.84,10.9,27,1,5,Thu,Nui,NhaKhoaHocDuLieu
450,QH-2023-I/CQ,KTPM,3.52,4.0,5,0,5,Xuan,Bien,NhaKhoaHocDuLieu
451,QH-2024-I/CQ,CoDienTu,3.61,2.1,17,3,5,Xuan,Bien,NhaKhoaHocDuLieu
452,QH-2024-I/CQ,KTPM,3.46,5.5,33,1,2,Ha,Bien,ChuyenGiaAI
453,QH-2024-I/CQ,TriTueNhanTao,3.79,15.8,12,1,5,Ha,Nui,KySuPhanMem
454,QH-2023-I/CQ,CNTT,2.45,9.3,18,3,3,Ha,Bien,KhoiNghiep
455,QH-2022-I/CQ,CNTT,3.43,17.1,34,5,6,Ha,Bien,KySuPhanMem
456,QH-2023-I/CQ,CoDienTu,3.41,9.5,39,1,9,Dong,Bien,ChuyenGiaAI
457,QH-2022-I/CQ,KhoaHocMayTinh,3.53,5.5,16,9,10,Thu,Bien,KhoiNghiep
458,QH-2022-I/CQ,TriTueNhanTao,3.27,2.4,19,4,3,Dong,Nui,ChuyenGiaAI
459,QH-2023-I/CQ,CoDienTu,3.53,18.4,23,7,7,Ha,Bien,KySuPhanMem
460,QH-2024-I/CQ,CNTT,3.5,3.4,27,3,7,Ha,Bien,ChuyenGiaAI
461,QH-2022-I/CQ,CoDienTu,2.64,16.0,9,2,6,Ha,Bien,KySuPhanMem
462,QH-2024-I/CQ,CNTT,2.88,7.3,9,3,5,Ha,Bien,NhaKhoaHocDuLieu
463,QH-2024-I/CQ,TriTueNhanTao,3.33,4.6,31,1,5,Dong,Nui,NhaKhoaHocDuLieu
464,QH-2023-I/CQ,KhoaHocMayTinh,3.35,10.1,23,2,5,Ha,Nui,NhaKhoaHocDuLieu
465,QH-2024-I/CQ,CNTT,2.75,22.5,22,3,2,Thu,Nui,KySuNhung_IoT
466,QH-2024-I/CQ,DTVT,3.38,20.0,11,3,2,Thu,Bien,NhaKhoaHocDuLieu
467,QH-2023-I/CQ,TriTueNhanTao,3.36,8.3,14,5,8,Xuan,Nui,KySuPhanMem
468,QH-2022-I/CQ,CNTT,3.51,10.0,7,0,4,Thu,Nui,ChuyenGiaAI
469,QH-2023-I/CQ,CNTT,3.3,2.2,61,8,3,Thu,Bien,ChuyenGiaAI
470,QH-2023-I/CQ,KhoaHocMayTinh,2.42,35.4,17,1,8,Thu,Bien,KySuPhanMem
471,QH-2022-I/CQ,DTVT,3.43,10.8,7,5,6,Xuan,Nui,NhaKhoaHocDuLieu
472,QH-2022-I/CQ,KhoaHocMayTinh,3.57,11.8,35,4,3,Thu,Nui,NhaKhoaHocDuLieu
473,QH-2022-I/CQ,CNTT,3.35,6.9,9,6,8,Ha,Bien,KhoiNghiep
474,QH-2023-I/CQ,DTVT,3.18,8.4,27,5,4,Ha,Bien,NhaKhoaHocDuLieu
475,QH-2024-I/CQ,CoDienTu,3.15,9.1,16,10,5,Thu,Nui,KhoiNghiep
476,QH-2023-I/CQ,CNTT,2.1,45.0,10,2,9,Dong,Nui,KySuNhung_IoT
477,QH-2024-I/CQ,KhoaHocMayTinh,3.39,2.5,15,3,7,Thu,Bien,ChuyenGiaAI
478,QH-2022-I/CQ,KhoaHocMayTinh,3.47,12.1,10,6,6,Ha,Bien,KySuNhung_IoT
479,QH-2024-I/CQ,KhoaHocMayTinh,3.63,6.3,34,2,5,Xuan,Nui,KySuPhanMem
480,QH-2023-I/CQ,KTPM,3.11,26.3,50,4,9,Thu,Bien,ChuyenGiaAI
481,QH-2023-I/CQ,CNTT,2.83,12.0,14,3,5,Thu,Nui,KhoiNghiep
482,QH-2024-I/CQ,KhoaHocMayTinh,2.96,3.1,17,4,4,Ha,Bien,ChuyenGiaAI
483,QH-2024-I/CQ,KTPM,3.59,19.8,8,5,7,Ha,Bien,KySuPhanMem
484,QH-2024-I/CQ,CoDienTu,3.56,10.9,11,3,8,Thu,Nui,KySuPhanMem
485,QH-2023-I/CQ,KTPM,2.98,12.8,6,5,3,Thu,Nui,NhaKhoaHocDuLieu
486,QH-2022-I/CQ,KTPM,3.98,33.0,11,3,4,Thu,Bien,ChuyenGiaAI
487,QH-2022-I/CQ,CoDienTu,3.9,22.6,5,1,5,Ha,Bien,KySuPhanMem
488,QH-2024-I/CQ,CNTT,3.0,11.5,36,0,5,Dong,Nui,ChuyenGiaAI
489,QH-2023-I/CQ,KhoaHocMayTinh,3.12,4.2,12,3,6,Xuan,Nui,KySuPhanMem
490,QH-2023-I/CQ,TriTueNhanTao,2.64,15.1,59,3,6,Ha,Nui,NhaKhoaHocDuLieu
491,QH-2023-I/CQ,KhoaHocMayTinh,2.96,10.0,25,0,7,Dong,Nui,ChuyenGiaAI
492,QH-2022-I/CQ,CNTT,3.32,11.0,14,3,6,Ha,Bien,ChuyenGiaAI
493,QH-2022-I/CQ,CoDienTu,3.5,2.8,12,3,1,Dong,Nui,KhoiNghiep
494,QH-2022-I/CQ,CNTT,3.98,29.3,29,6,7,Dong,Nui,ChuyenGiaAI
495,QH-2022-I/CQ,KTPM,2.8,6.5,25,3,4,Thu,Nui,ChuyenGiaAI
496,QH-2022-I/CQ,DTVT,3.25,6.4,32,2,5,Dong,Nui,KySuPhanMem
497,QH-2024-I/CQ,CoDienTu,2.97,37.6,8,7,4,Thu,Nui,KySuNhung_IoT
498,QH-2023-I/CQ,CoDienTu,3.93,6.3,35,5,3,Thu,Bien,KySuPhanMem
499,QH-2022-I/CQ,CNTT,3.22,5.7,23,0,6,Thu,Bien,ChuyenGiaAI
500,QH-2023-I/CQ,CNTT,3.47,24.5,19,3,4,Ha,Bien,KySuPhanMem
